case_uuid,violation_uuid,state_name,employer_name,employer_dba_name,employer_city,violation_category,case_status,date_opened,date_paid,date_closed,amount_claimed,amount_assessed,amount_paid
7118ec45-2437-4eea-9806-2ca0884982ac,d2948d23-a171-4316-8f67-1c09e39fd459,Nebraska,"Let's Talk Dirt, Inc.",,,,closed,,,2014-09-10,,1000.0,0.0
c65aed35-c493-45ab-956c-0169f03589fd,3cc5a82d-e77d-4eac-97cc-f7fa4f3e6baf,Nebraska,perfect finish flooring llc,,,,closed,,,2014-10-30,,500.0,0.0
4202c3d2-8774-4e47-97e8-0576715d3737,743298e0-d577-4054-8583-12167e36f311,Nebraska,Little Giggles,,,,closed,,,2014-11-14,,500.0,0.0
6a131c0d-0e9b-463f-8bd8-cd0ff3dce796,b5a08bf1-fc6f-43fc-8b78-c99457de7fe4,Nebraska,Huntington Child Care Center,,,,closed,,,2014-11-18,,400.0,400.0
95a1c430-ed7b-4cf0-81cc-210b2d797a39,d12011eb-3538-4bcf-824b-d261017d0ee2,Nebraska,Mutual 1st Federal Credit Union,,,,closed,,,2014-11-20,,500.0,500.0
c4d3d97d-f814-42b7-a76f-d0585e474372,18844417-51e0-4dff-a57d-8cddb18c7322,Nebraska,"Giggles, Inc.",,,,closed,,,2014-11-21,,500.0,500.0
3c6aa8d6-5282-4f8f-af4d-3eb202f6bfa9,d8afb27a-ed58-4c55-9949-4142d2dfc3c2,Nebraska,I Read Books,,,,closed,,,2014-12-01,,225.0,0.0
4a2aa516-23eb-40b7-9889-6b9fc3082f48,8678abe7-f069-4448-80cd-eca7f3ce6841,Nebraska,Sterling Enterprises DBA Team Green,,,,closed,,,2014-12-09,,350.0,350.0
9c3553d3-972f-4904-8800-2d764954a2e3,95d25fef-5180-49e5-86c5-84f4cad9b9e6,Nebraska,"Let's Talk Dirt, Inc.",,,,closed,,,2014-12-11,,1100.0,0.0
2ba4c550-ac44-4bb5-b929-004e84d4a4ec,67147907-e60e-49fa-94e4-8c3d7dbda873,Nebraska,Paul Neideffer Painting,,,,closed,,,2014-12-15,,320.0,0.0
d7094ec0-ccd9-4417-961a-20fde34f72b9,2d4e44be-a9e6-4e27-89c5-d8270421be60,Nebraska,Bridging the Gap Inc.,,,,closed,,,2015-01-02,,500.0,0.0
2ce2aeb2-21ac-411b-8b60-0fa0d3d10f04,8697af6b-5065-47ac-a1c9-5438ae05157e,Nebraska,Bridging the Gap Inc.,,,,closed,,,2015-01-02,,500.0,0.0
7f28537e-5e10-4a39-a5b5-f3c0c151d174,d7f1c52c-9385-4081-abe1-923e8d1f92e5,Nebraska,Bridging the Gap Inc.,,,,closed,,,2015-01-02,,500.0,0.0
273139c0-ebfe-4833-8509-fb973ff05440,d3ef5faa-bb58-4218-9c95-3ce1517c6c25,Nebraska,Bridging the Gap Inc.,,,,closed,,,2015-01-02,,500.0,0.0
9356483d-3a60-42d6-9e91-660c99693a90,755910c5-fa8e-4976-82ec-02f9b3366809,Nebraska,Bridging the Gap Inc.,,,,closed,,,2015-01-02,,500.0,0.0
9e4f6bdc-9236-4927-abc9-01ab8a05b39c,58f5979f-a639-4405-badb-c68d4004d425,Nebraska,Bridging the Gap Inc.,,,,closed,,,2015-01-02,,500.0,0.0
4838d51c-df6d-4438-afce-20438f191e1a,2464d56b-d463-423c-be3c-048415aa81fb,Nebraska,FuturesOne,,,,closed,,,2015-01-06,,500.0,500.0
7f2c1a9e-0b15-4020-a2cc-18a912f9c3f0,0c1ecc9e-d36f-45bc-a249-9e5758ed9a5c,Nebraska,4 Horsemen Security,,,,closed,,,2015-01-14,,500.0,0.0
fffa56c4-27b5-4376-8fb2-a6bcebcf1719,5eed0e3f-cb36-467c-9182-ca209d5681e4,Nebraska,"McCauley Concrete, LLC",,,,closed,,,2015-02-03,,500.0,0.0
1e667931-bc89-4500-9541-04eddfe1db48,49e6d404-7879-4259-aa4c-57f187718884,Nebraska,Maywood VFW Post 6930 Club,,,,closed,,,2015-02-03,,500.0,500.0
a8db5b5b-630c-4645-afb9-d6439c0da674,e3e3d7b5-f6c5-4887-9737-1630ed878ac2,Nebraska,Lynn's Hair Lounge and Spa,,,,closed,,,2015-02-03,,100.0,100.0
3fc79923-b6ea-46ab-b69d-c0b234a74c6a,ba0dff50-cb8c-49ac-93a4-0fa1daa25985,Nebraska,Farm Bureau,,,,closed,,,2015-02-11,,100.0,100.0
90552316-1e68-45ab-aa8e-e510e991dbc1,979054ff-8590-444f-abec-4ed29e1741f2,Nebraska,"Building Clean, LLC",,,,closed,,,2015-02-18,,2500.0,0.0
b7ef4478-5cdb-4a00-b3ab-b36bb4b99c48,6cf797f6-013c-4223-aa15-fd1f564b1ec8,Nebraska,Goodwill Medical Transportation,,,,closed,,,2015-03-09,,100.0,0.0
1b6b590f-299c-4b64-aeec-9e9213713435,bb82063d-b82a-44fe-ad0a-bc4fc8d71592,Nebraska,Westmont Inn & Suites,,,,closed,,,2015-03-09,,500.0,0.0
a35c5abd-8b8c-423f-ae0e-5e6d7478cdf0,6a4f3ff7-0b65-4577-9755-3a1068da9582,Nebraska,Blackout Express LLC,,,,closed,,,2015-03-25,,500.0,0.0
932c5c10-374b-4eda-bda7-18d2925a13f4,ca214528-12b9-42e1-9169-9f438249cea7,Nebraska,AmeriLawn of Nebraska,,,,overturned,,,2015-03-27,,1000.0,1000.0
0ddbe861-42e8-48ef-8c4a-95371808e4b3,89b286df-6f42-4f36-9fbf-b41dc49e733d,Nebraska,AmeriLawn of Nebraska,,,,overturned,,,2015-03-27,,500.0,500.0
1df62993-e9c1-4155-ab83-6e9086ef1743,534f632a-52b9-455a-9ac0-49d95635a0ea,Nebraska,Red Rose Ranch,,,,closed,,,2015-04-20,,200.0,0.0
f3233fb4-1369-4ad4-bcc2-79335c7eb332,ecbcf676-1819-4b10-baee-c3dd8e3ddfdb,Nebraska,Hobo's Diner LLC,,,,closed,,,2015-04-20,,500.0,0.0
0757c7ff-3127-406d-83f6-435c13920648,f84b923a-e942-409d-888f-56de5960d8bc,Nebraska,Shuler Irrigation,,,,closed,,,2015-04-30,,500.0,0.0
5f47f9f6-ef92-419c-94d8-abddf7d63372,163a4755-fc98-4dfb-9506-e4f0f8ba03e7,Nebraska,Aqua-Tots Omaha LLC,,,,closed,,,2015-05-07,,200.0,200.0
d9117f07-1b38-4d78-b70c-fa520367c6ad,52743b49-d12c-4554-9037-cf67ff80131a,Nebraska,Huffman Livestock,,,,closed,,,2015-05-08,,500.0,0.0
141569d5-467f-4c99-9aa6-8a27022d9dc6,20675ea0-f934-4080-b768-31688f84022d,Nebraska,Finch on the Run Entertainment LLC,,,,closed,,,2015-05-11,,500.0,0.0
da902502-dc68-4528-9480-f913c72ecdb8,d1009a9e-2cbb-4ef2-afa3-0fe28ae81b9d,Nebraska,"Aqua Plumbing and Heating, L.L.C.",,,,closed,,,2015-05-29,,500.0,500.0
00eab824-df4d-43ab-8a52-50acf23eced5,cced3734-2c8a-4e50-aa24-0bbc76071a76,Nebraska,Twin Rivers Construction and Siding Inc.,,,,closed,,,2015-06-02,,3500.0,0.0
a09e5fae-7bc1-4188-bfde-e212b9359ce0,1b61e5fc-a90a-454d-898e-844ac212f1d6,Nebraska,Twin Rivers Construction and Siding Inc.,,,,closed,,,2015-06-03,,3500.0,0.0
f93879a7-ba77-427f-a250-b61c437e3b76,1add4af7-feb0-495d-85a3-1ee80652286f,Nebraska,Twin Rivers Construction and Siding Inc.,,,,closed,,,2015-06-03,,3500.0,0.0
d45c422e-98e8-4265-9d4b-b3534adf5d65,96fdb5d2-fbf3-43a3-b99d-284b1eca37fd,Nebraska,Tuffy Associates Corp.,,,,closed,,,2015-06-05,,1000.0,1000.0
523633da-4cb2-4487-bb05-02e0f08f19f5,cd9985c0-1237-4fee-b5aa-941cbcd6a7f9,Nebraska,TUFFY TIRE AND AUTO,,,,closed,,,2015-06-05,,1000.0,1000.0
df3c5324-7da9-40aa-a0ac-945090fcc290,763b47c9-fd41-4efd-bb62-ff3adae4c8e6,Nebraska,Finch on the Run Entertainment LLC,,,,closed,,,2015-06-11,,5000.0,0.0
18e39bcb-e2ec-4b83-ab10-10c516ae33f1,30fc4d81-0b2c-488e-b469-553af73d2d07,Nebraska,Steel Steed Steakhouse and Saloon,,,,overturned,,,2015-06-18,,250.0,250.0
b6a81ecc-ce50-4e71-99f9-7a2ae22ade16,ea67ae8d-b336-48b8-816a-b8a995e3aa2b,Nebraska,"Sleep Pointe, LLC",,,,closed,,,2015-07-10,,500.0,0.0
bd0467ad-88b5-4b0c-b7c3-ce008f7bb0ae,3d1c626c-baa4-4e8a-b43e-8fa9ed543cfc,Nebraska,Creative Creations Omaha. LLC,,,,closed,,,2015-07-14,,500.0,0.0
e0638eba-1bb7-43fa-a659-f6537f6e2b1b,f302d36a-dab7-4129-ac14-c7e4e66c754a,Nebraska,Twin Rivers Construction and Siding Inc.,,,,closed,,,2015-07-21,,1500.0,0.0
a30e2872-9cf0-4f49-89ad-0d978a6eda8f,61f15f0f-55e2-4bd5-991a-2299f414843d,Nebraska,Twin Rivers Construction and Siding Inc.,,,,closed,,,2015-07-21,,1500.0,0.0
8ca45baa-d5b9-4db6-8d0f-07a5286fd37c,9c86b7b4-ca5f-4f8d-954f-0ec9141151d2,Nebraska,Twin Rivers Construction and Siding Inc.,,,,closed,,,2015-07-21,,1500.0,0.0
1a427843-7a17-4641-89ca-92b58c9700a9,8a0b19e6-4e9e-4f41-ae49-1d4634d9e49b,Nebraska,"A-1 Spray Foam Insulation, LLC",,,,closed,,,2015-08-10,,200.0,200.0
5cc370ec-8ff6-4487-9a46-d75d0f81281e,883d007e-8f85-490a-9a9c-30ac9d329ccf,Nebraska,Affordable Snow Plowing and Underground,,,,closed,,,2015-08-12,,500.0,500.0
882b6f35-b192-4406-b592-fa04f8b7cfe2,bc4f1062-e5ad-46fe-9808-770983275df6,Nebraska,"Mark Services, Inc.",,,,overturned,,,2015-08-14,,500.0,500.0
fdad111c-b4ff-4d81-8ae0-130aecf0d9bb,692ccc64-6690-414e-9123-51615aac8816,Nebraska,"Wolf Auto Center Sidney, LLC",,,,closed,,,2015-08-14,,500.0,500.0
070c1798-c40c-4049-a186-a6481d7ff0e9,d5b7d89d-8f31-45ae-a93b-0ef1d6046e2b,Nebraska,Johnson's Painting & Total Construction,,,,closed,,,2015-08-26,,5500.0,0.0
974ac1ef-dd45-4734-b7d5-8124a11f7ec8,f6ab68be-d0b8-4336-8a43-dc10c7d935bd,Nebraska,Johnson's Painting & Total Construction,,,,closed,,,2015-08-26,,5500.0,0.0
a8703542-2af2-4fbe-8649-d0bf71698034,9e440756-e22f-4bc6-9e92-011cff5db76d,Nebraska,The Spigot,,,,closed,,,2015-08-28,,500.0,0.0
97f9e3ef-8c90-49b4-b21b-55ea598130ff,a046fd36-9962-4526-9b42-e08f91088389,Nebraska,JV5 Solutions LLC,,,,closed,,,2015-08-31,,1000.0,0.0
4450ba3f-e3b7-4e99-b2a7-cbdf732f68dc,ee36cce0-f671-4a91-98e2-59dae380f077,Nebraska,JV5 Solutions LLC,,,,closed,,,2015-08-31,,1000.0,0.0
449c0d59-447d-4e7a-b940-7b9484adb2ec,0345de7e-689d-4385-8b5d-20c768d04ba5,Nebraska,Maharaja Indian Cusine,,,,closed,,,2015-09-22,,500.0,500.0
1309263e-5b81-45f5-a092-5dc3eca341e0,404d6a37-d12e-46a9-983f-4848e0496a9e,Nebraska,Reuter Construction LLC,,,,closed,,,2015-09-28,,500.0,0.0
0633ea86-401e-4987-9be4-61f39dd261c6,0fbb80c9-0716-467f-97aa-6fdc0ae61568,Nebraska,R.A.D.S. Renovations LLC,,,,closed,,,2015-09-28,,500.0,0.0
41da0386-3288-4cff-ba22-636db88e8255,2ffff20f-1f72-4c91-9e9f-2b470ae44d71,Nebraska,Integrity Painting,,,,closed,,,2015-10-06,,300.0,300.0
3f5964de-9dbf-4f0a-b94e-b295c639544a,7fd7fa24-bb6e-41aa-8064-9acf6944956c,Nebraska,Deseret Health Group,,,,closed,,,2015-10-08,,51000.0,0.0
b96f2c75-0b4c-4934-bfc6-fda294dc1375,6fdd6878-83ec-45da-b31a-e77bb5c50e16,Nebraska,"Lift Omaha, LLC",,,,closed,,,2015-10-13,,500.0,0.0
d8d64751-5444-4039-bcd0-1dfbf1fe50c3,1a838198-82ab-49b6-9f40-9472295962ea,Nebraska,"Storz Trophy Room Grill and Brewery, LLC",,,,closed,,,2015-10-14,,500.0,0.0
0e982896-3f94-41c7-a871-f767ba92cba7,6a2117ca-fa87-4f93-9168-dc98a2c97b59,Nebraska,"Maintenanceman, LLC",,,,pending appeal,,,2015-10-15,,500.0,500.0
1dbb0049-16f0-42f0-beb0-44554bfd4263,8bebc625-1b9f-4be8-9fdb-a162247de389,Nebraska,"AdPointe Media, Inc.",,,,closed,,,2015-10-20,,500.0,0.0
4c6803ce-3154-4b6a-b229-cb35e1cb0f58,e234bb93-12b7-4297-b5cc-42270e56f01d,Nebraska,Bank of Lewellen,,,,closed,,,2015-10-21,,500.0,500.0
2a93fc80-2e02-4022-b566-178c0480898f,e6b8e4ff-619c-464c-a359-14781bda7df1,Nebraska,West Gate Bank,,,,pending appeal,,,2015-11-09,,500.0,0.0
3f8f744e-68f8-402c-839f-a5649e1170ef,5be1f5fe-14bc-42f5-90c8-03511bb9a265,Nebraska,"Sterling Enterprises, Inc.",,,,closed,,,2015-11-09,,500.0,0.0
5e628247-0b9c-4452-b9bd-16d3d28a8ae3,cc51316d-524f-4b0c-b659-2655199e1b8a,Nebraska,Walker Search Group LLC,,,,closed,,,2015-11-09,,250.0,250.0
b2e136fe-6949-4ae4-a098-5f99a4abcb0d,6c312da2-3c6c-4a28-af18-e5b79ba2302d,Nebraska,Verizon Wireless,,,,closed,,,2015-11-09,,500.0,500.0
bfb640ce-7455-4d4b-a28a-b480f1a70597,ca334ea1-4aba-4d23-95dd-6cd633a07ff2,Nebraska,"Kinderversity, LLC",,,,closed,,,2015-11-12,,500.0,500.0
edbc12f5-e6a3-4920-b62e-fe5ac6bf7bef,a4051e84-1d9e-4e23-81fe-7690c062cd17,Nebraska,Holt Excavating,,,,closed,,,2015-11-17,,500.0,0.0
699392b4-b17d-4839-af28-a04600e4c271,a07a8579-ae78-4839-96b2-5f9a7c9d9b2d,Nebraska,Hire a Maid,,,,closed,,,2015-11-17,,500.0,500.0
4599d30a-fe27-4796-a231-afa2a31debbb,b2132dd4-a520-4881-af6b-42911c4f11b9,Nebraska,"Novinger Building Services, Inc.",,,,closed,,,2015-11-30,,500.0,0.0
320e390d-4c75-4d93-86ea-8df325c08b53,c3e0d497-1166-4210-9a0d-4f236a0767fa,Nebraska,"Mid Plains Food & Lodging, Inc.",,,,closed,,,2015-12-07,,500.0,500.0
5c59cab3-4cdd-4feb-ab90-775170be337b,6d415695-01bf-40c4-9e48-0e75afbc51cc,Nebraska,"TFL, Inc. DBA Mega Saver",,,,closed,,,2015-12-10,,500.0,500.0
4e87b217-b220-410c-8bcf-e86f7ffd63c6,9d5cb911-d87b-4bad-890d-3db955b137bd,Nebraska,Jim's Truck Stop & Skyline Cafe,,,,closed,,,2015-12-16,,450.0,450.0
711c5b35-761a-41b6-8803-c61e813f2281,efb619cd-9fa6-40f8-b864-261768fd878f,Nebraska,Rehab Lounge,,,,closed,,,2015-12-17,,500.0,0.0
77376739-fcd1-4534-a7e6-510a664caa5f,4ab86fdd-cdb1-4757-9001-46f1b8fd5f5b,Nebraska,"EA Towing, Inc.",,,,closed,,,2015-12-29,,500.0,500.0
c3c10e9b-f7b2-4d44-913e-f2c156c17f93,eacf6fc2-59bb-4ada-8184-7d0165570b1d,Nebraska,"Urban Focus, Inc.",,,,closed,,,2015-12-29,,500.0,0.0
eeed27ba-cf73-4107-bf7d-33ec1b4fa8a9,741b1a0c-d238-4130-afb1-7903bc65148e,Nebraska,"Bottom Line, Inc.",,,,closed,,,2016-02-01,,500.0,500.0
5ed333d7-8cc5-481e-9682-28c60bbd9b4b,4a1ab17b-0e3f-4fe9-a7af-be7df136639b,Nebraska,Paul Neideffer Painting,,,,closed,,,2016-02-05,,2500.0,0.0
929d0054-c3e7-46bf-badd-dcd70bd24209,935a28df-42fc-473c-9784-bd6145d81084,Nebraska,"Distinctive Landscape & Concrete Construction, LLC",,,,closed,,,2016-02-25,,250.0,0.0
e600e7f3-6b45-41a3-ab6a-98571313a06c,0e12f7f0-acc9-467a-b07c-f88cfbfdd9bf,Nebraska,Grand Island Pump and Supply Company,,,,closed,,,2016-03-03,,500.0,500.0
bbb402bf-e3f9-495b-856a-68a543962797,4dfc85fb-b136-4cd6-8887-0cd599a1d34f,Nebraska,"Bellevue Property Restoration, LLC",,,,closed,,,2016-03-14,,250.0,0.0
72f4d75d-ddf7-406e-8cff-cc7dc412dee2,7749b361-0d93-4827-aaaf-59bd3ca14bae,Nebraska,State 51 Wear LLC DBA Pixi Chix,,,,closed,,,2016-03-21,,500.0,0.0
03e4c358-0065-420e-9fad-ced7c0def52e,55067f3a-c07e-4964-8a0c-43b10118f1ea,Nebraska,Sixx B Transport LLC,,,,closed,,,2016-04-11,,500.0,0.0
5f52565e-70bd-450e-801d-e4c0a471d100,653fb601-4c6a-49fb-bbb2-06b5e23475c3,Nebraska,LHD LLC DBA LHD Cleanings Solutions LLC,,,,closed,,,2016-04-11,,250.0,0.0
69ea986a-cc7f-451c-b323-49dc696521db,2050af16-1307-42b4-ad7b-c1c6bd47c1f4,Nebraska,Levy Restaurants at Haymarket Park,,,,closed,,,2016-04-11,,500.0,500.0
f3b5dd97-cb09-41fd-a3a3-8d05368ce39c,ed320d30-6091-4228-b188-629414f2576e,Nebraska,Servpro,,,,closed,,,2016-04-13,,500.0,0.0
8bb4db28-1ba0-41a9-87ba-215205a0d2d5,32ee3314-cc5e-4726-9394-9db712e64336,Nebraska,"Let's Talk Dirt, Inc.",,,,affirmed,,,2016-04-18,,500.0,0.0
2ef6e92a-7232-42dd-96e7-58157a93c240,16ba38c9-faa2-44ec-9427-b7f098abd3e8,Nebraska,"Let's Talk Dirt, Inc.",,,,affirmed,,,2016-04-18,,500.0,0.0
477bdf9d-076f-4ad2-93c3-67eb5b3c4cd0,b4cbb302-ac1f-4324-b8bb-caa0996bbdf6,Nebraska,"Let's Talk Dirt, Inc.",,,,affirmed,,,2016-04-18,,500.0,0.0
ab62b836-908a-49bb-8ae5-f948c129d7ce,69aa1d74-db91-431c-82c3-659d201ab946,Nebraska,"C & S Electronics, Inc.",,,,closed,,,2016-05-13,,1000.0,0.0
c5fcc810-6150-4dd8-8e32-35fbb5970350,e895d99c-7119-4c56-870c-24aea7fa85ae,Nebraska,El Parian Bar & Grill,,,,closed,,,2016-05-17,,500.0,0.0
21487fd4-5489-4c01-b41f-c3a76dfc19be,bced7987-30ae-4672-96f7-5930a2be0a91,Nebraska,Barnstormers Family Bar and Grill,,,,closed,,,2016-05-18,,100.0,0.0
0e117ed7-f844-4b5f-a422-4fdcf0f9a52c,e9056b9c-5a2a-4b09-b391-c8844858b5d5,Nebraska,Reuter Construction LLC,,,,closed,,,2016-05-24,,5000.0,0.0
496a75d1-8605-4904-b62a-4c4c44732b20,55a2dbb1-214b-4e3a-b4a3-2094a54eea1b,Nebraska,GSE Construction,,,,closed,,,2016-05-25,,250.0,0.0
eeaba498-0181-4c0a-9e57-22a322bb5cca,b64379cc-65cc-481e-951c-663095223d98,Nebraska,Family Business Contractor,,,,closed,,,2016-05-25,,150.0,0.0
a650f7e1-55e1-4bdd-8e60-f2974845863b,bd688ebe-15ac-4301-948d-63462c8eaf0c,Nebraska,Offutt AFB Child Development Center,,,,closed,,,2016-05-25,,100.0,100.0
7eda574d-c20a-48b4-8934-ac379be76172,8be57562-2465-4df1-8374-fd71bd3e9a02,Nebraska,Girls Inc.,,,,closed,,,2016-05-31,,500.0,500.0
e577f09a-f82c-4e8c-86b9-bc21087d2bd8,c4286e0e-94ad-4bfe-b984-173cb6fd2db0,Nebraska,JD Contracting,,,,closed,,,2016-06-13,,500.0,0.0
9f0fb202-8023-4a68-94b0-0400a64ad496,2cb6de0e-c458-4275-b47a-2a7628670bb4,Nebraska,JD Contracting,,,,closed,,,2016-06-13,,2500.0,0.0
f16fdbbd-774e-4e88-91fe-eaa0bdb1e92d,e773e31c-16d2-4522-a262-95c7fd4c5d6d,Nebraska,"Reitz Way Delivery, Inc.",,,,closed,,,2016-06-14,,500.0,500.0
9f84abae-81b1-4f43-bb0c-995d844b04f2,87ab81d6-c350-4d6c-924b-a29b08caf83c,Nebraska,"Nosh Wine, L.L.C.",,,,closed,,,2016-06-21,,500.0,500.0
914a6c1d-ef84-4a14-a64c-ec7357433445,78b880da-da64-4158-8448-173ecdcfbe9b,Nebraska,"Von Busch & Sons, Inc.",,,,closed,,,2016-06-24,,300.0,300.0
8929969c-31b9-4949-a0f4-d2620aabfd28,934dd34b-73f4-4447-9554-f72e683db0e6,Nebraska,"Claire's Boutiques, Inc.",,,,closed,,,2016-07-11,,500.0,500.0
f2bdbc66-1368-4782-9b9d-57026374f966,75ebde8d-1929-4de3-8f3f-b661aadcd369,Nebraska,"Reinhardt Contracting, Inc.",,,,closed,,,2016-08-08,,500.0,0.0
71b52fc0-9e83-42a6-84bd-84ada699334a,d8ffbf2e-5bfc-401c-ac74-d60ded330f2b,Nebraska,"Corporate Enterprise Solutions, Inc.",,,,closed,,,2016-09-13,,500.0,500.0
69f26144-0c64-42fc-8a9b-58b24ee7c8b7,b5af9a10-da5e-4648-b876-aee9cacb10d3,Nebraska,Sixteen25 Cafe,,,,closed,,,2016-09-19,,500.0,0.0
1af6f3ae-dbf1-4256-882d-9db5b7bf4656,e1552643-1cfe-40bf-b71c-e135257de4b7,Nebraska,"Affordable Underground, LLC",,,,closed,,,2016-09-20,,2500.0,0.0
0261fb4f-2db1-4b71-ae8a-4dd8b8ae85c8,6e6d37e2-fba6-4677-b6c6-1e7a49620687,Nebraska,"TWG Communications, LLC",,,,closed,,,2016-09-23,,500.0,0.0
eb37b737-f172-4c60-92b2-2f54661c4e08,ac880d78-bc49-46a6-894c-7c065e1f2779,Nebraska,"FRSTeam by Fashion Cleaners, LLC",,,,closed,,,2016-09-28,,500.0,500.0
86a96ee3-d461-4fdc-9b70-d1647c832e38,35c27e17-e92a-4c01-94ad-cf3a5b5d92f3,Nebraska,"J's on Jackson, LLC",,,,closed,,,2016-10-06,,250.0,250.0
fdac30ae-040e-49ed-8fdf-b9d2939e6516,00c7ad46-6ba1-4cad-bd87-acfae5fefd0b,Nebraska,State 51 Wear LLC DBA Pixi Chix,,,,closed,,,2016-10-28,,5000.0,0.0
b6664fa4-3459-4c26-b1b3-e634bd7c0414,0ef8393e-e326-48f9-91a3-4545dcd312e1,Nebraska,State 51 Wear LLC DBA Pixi Chix,,,,closed,,,2016-10-28,,5000.0,0.0
56315501-b350-40af-bd34-b0a5df55b378,b896ecaa-fb82-45ab-883f-5d800812f4c2,Nebraska,State 51 Wear LLC DBA Pixi Chix,,,,closed,,,2016-10-28,,5000.0,0.0
22b4b921-f54a-427b-964f-6bdb39a2d183,12080172-983c-4edd-bbfb-052c24bf3d6d,Nebraska,Boss' Pizza & Chicken,,,,closed,,,2016-11-10,,500.0,500.0
454688a5-7506-4d93-8d59-e8c7643e0be6,5b9ab9b3-f626-4590-b1c3-ca66ab6270c0,Nebraska,"Credit Bureau of Hastings, Inc.",,,,closed,,,2016-11-21,,500.0,500.0
35cf532a-8cd8-41fd-97c5-f1f9182bf2d3,36fecd23-8756-4d6c-aa15-699b57575a3f,Nebraska,State 51 Wear LLC DBA Pixi Chix,,,,closed,,,2016-12-02,,5000.0,0.0
d6fb67d5-26cb-42aa-9a53-f95b47a9ff07,5fd5cc12-bee1-4172-abfa-9c3f10b233f6,Nebraska,State 51 Wear LLC DBA Pixi Chix,,,,closed,,,2016-12-02,,5000.0,0.0
3ecf15f4-4c27-444d-ab59-07ad333c5b09,b0ae0b76-a1ef-4dee-a854-3defcf253e82,Nebraska,State 51 Wear LLC DBA Pixi Chix,,,,closed,,,2016-12-29,,5000.0,0.0
95f9ff8b-e8f5-4976-918f-1b2e22462de2,df3264ef-fb5f-4595-8136-cc2cb5fc9f13,Nebraska,Nebraska Beef,,,,closed,,,2017-01-05,,500.0,0.0
0f240bd6-0023-410a-a44b-a7581c78d6d8,81afa13d-6488-411c-ae50-11fd7f00d4c9,Nebraska,A Clean Cut Lawn and Landscape,,,,closed,,,2017-02-15,,500.0,0.0
ed7f338b-7a49-4f1b-94dd-4517614c410a,b769709e-3964-41ad-8fd3-0902db363bcf,Nebraska,American Income Life,,,,closed,,,2017-02-24,,500.0,500.0
57e951e6-0ff3-4bb1-a766-e07614631496,ffd274a1-c053-4556-b3e0-99f4a744e9ad,Nebraska,Thomas Precision Repair & Sales,,,,closed,,,2017-03-20,,500.0,0.0
6afd0782-dbdd-462e-ab6c-7ad6bf267bdc,ba72d0d8-43ec-49bb-b2c3-c59dda2cbc78,Nebraska,McDonald's,,,,closed,,,2017-04-04,,500.0,0.0
077230ec-e1bc-4438-98dd-fba6150b92da,54914d1f-d2ef-40e8-b749-5d54df33a1ab,Nebraska,"Let's Talk Dirt, Inc.",,,,pending appeal,,,2017-04-26,,5000.0,5000.0
ad8c5877-ea50-4b78-bdc5-9d1218c12b38,fcf60cf6-4f4e-47e8-9972-0f2d7f32619c,Nebraska,Bro2 Construction,,,,closed,,,2017-05-03,,500.0,0.0
f802ea80-c7c4-4144-aadf-0cd1d23411d3,51f9948d-f1dc-42b9-8546-0c9c2f42456f,Nebraska,Over the Top Roofing and Construction LLC,,,,closed,,,2017-05-05,,500.0,500.0
7662b17a-3a19-4a63-88e3-0302100cc615,2c82bc81-e554-423f-a245-98332e408812,Nebraska,"Laughing Llamas Learning Center, LLC",,,,closed,,,2017-05-18,,300.0,0.0
894949f6-20a8-4892-9e44-194b220b2618,bdbfa119-f04f-4ed4-99ef-47d4006cc238,Nebraska,"Garber's, LLC",,,,closed,,,2017-05-18,,250.0,250.0
e7376c2d-9958-486d-9988-4d57d6db3f57,7babdb6f-c6b9-499b-8cc0-0ac408347ccf,Nebraska,"Eagle 1st Roofing & Construction, Inc.",,,,closed,,,2017-05-19,,500.0,0.0
6b0e6eb9-8178-472a-bab7-85880885f63c,9a4b5812-4f03-4b91-a81d-5965ba9280e4,Nebraska,Martinez & Sons,,,,closed,,,2017-05-19,,500.0,0.0
71e3141b-0d15-4aa1-b67f-6218c6bb89c0,65ffbe3b-422a-4445-9e07-5742d0d183fe,Nebraska,El Parian Bar & Grill,,,,closed,,,2017-05-23,,500.0,0.0
4a50540f-4761-41a3-bb11-54d744b6b56e,9d99e117-7b76-454c-a037-3ea35e5ff155,Nebraska,Ash Fire & Safety Co.,,,,closed,,,2017-05-24,,500.0,500.0
8a8df49c-0d17-416a-91f2-1432264790c6,88ecf911-a495-45a8-8c70-7aa2570e8fe8,Nebraska,"TFL, Inc. DBA Mega Saver",,,,overturned,,,2017-06-26,,500.0,500.0
e40afc81-65e3-4339-b591-803d3f166abc,5171fb3c-1e41-4e96-82f0-81435cf2e33a,Nebraska,"Hawkeye Vision, Inc.",,,,closed,,,2017-06-28,,500.0,500.0
165364bb-486f-4bf2-ae9d-74b7be8ecce6,eb70bd7c-4021-4599-90bc-255f977ef18c,Nebraska,"Flat River Contractors, Inc.",,,,closed,,,2017-07-11,,500.0,500.0
59204ae7-c692-4967-83bc-c14f37a2ea07,eb45c101-ff53-456c-8a36-9e38f4a33828,Nebraska,"PracticeMax, Inc.",,,,closed,,,2017-07-14,,500.0,0.0
5e550bf7-e52b-4971-a6be-f56b8a834bea,de9dc1d1-ab2d-42f5-bfd9-bc8cf2fb90b3,Nebraska,Hartland Cleaning Services & Associates,,,,closed,,,2017-07-17,,150.0,150.0
96502168-cef5-42b9-a06f-b4b59673b248,bdf24b14-ec9c-41f8-8059-a9872176896d,Nebraska,"Upstream Brewing Company, L.L.C.",,,,closed,,,2017-07-27,,500.0,500.0
ea783952-a24f-4212-83f7-518357ad7923,6d1eaf56-d481-4212-beaa-3c875d8a8f33,Nebraska,"Power Crew, Inc.",,,,overturned,,,2017-08-03,,500.0,500.0
bd7af745-c5a5-4fa9-9ae6-a6d081ac350f,68ad7322-8ca6-4024-9586-6f05d1b57dba,Nebraska,SPEAK OUT,,,,closed,,,2017-08-08,,500.0,500.0
e59515e3-7afc-4f1a-a511-3fe0cc363710,c0b39ef2-336b-4ed3-adb1-9def7d3e4880,Nebraska,"MWD Steel Fabrication, L.L.C.",,,,closed,,,2017-08-10,,500.0,0.0
e261127b-1256-4246-a9e1-f09413e912e4,3ed00b62-5481-4056-b605-8a2b20dd6c47,Nebraska,"MWD Steel Fabrication, L.L.C.",,,,closed,,,2017-08-10,,500.0,0.0
f1a59834-aae1-4528-a098-b213d67cf52c,23173530-ebe6-4719-af87-5242da29005e,Nebraska,"MWD Steel Fabrication, L.L.C.",,,,closed,,,2017-08-10,,500.0,0.0
4763bcc2-272a-4522-9cb7-f3327180e84c,2cd757b4-51e6-4c8f-be22-5fffbe920ab1,Nebraska,"MWD Steel Fabrication, L.L.C.",,,,closed,,,2017-08-10,,500.0,0.0
751cd217-7d31-4387-8583-10cf5ebad889,f159afc5-b745-49ea-aeaf-a9db3fb58bbc,Nebraska,"MWD Steel Fabrication, L.L.C.",,,,closed,,,2017-08-10,,500.0,0.0
bc568112-28de-4cd7-99ff-4d60cca88a04,691dd3f7-1fc7-4d46-bcda-f98362917603,Nebraska,"MWD Steel Fabrication, L.L.C.",,,,closed,,,2017-08-10,,500.0,0.0
40dbd595-d380-48b1-8f10-79e76cf75d4c,984461c2-3e9e-44b1-9e33-b6cc915e2653,Nebraska,"MWD Steel Fabrication, L.L.C.",,,,closed,,,2017-08-10,,500.0,0.0
daa963a3-fae1-4ffb-9c0b-a96aae3a00ab,b165120d-8021-4e2e-a47f-e3da5d0068c1,Nebraska,"MWD Steel Fabrication, L.L.C.",,,,closed,,,2017-08-10,,500.0,0.0
1cc5ed00-dc8b-4486-83f5-8a3cd05cb580,e6919dc4-a72b-4a38-a4d0-8de661ac1b35,Nebraska,"Trimmerz Lawn and Landscape, LLC",,,,closed,,,2017-08-23,,250.0,0.0
b4f22cf2-c6a3-4672-bd45-effa164f9ddc,25fd8436-b473-42bc-b73e-fb1e1e9bc50c,Nebraska,"Wentworth, U.S.A.",,,,closed,,,2017-08-28,,500.0,0.0
f7bcf19e-e0f3-4985-9b9c-e39d17fca3b0,b0291921-4811-454b-9693-0a37e5eede7d,Nebraska,Simplified Electronics LLC,,,,pending appeal,,,2017-08-31,,500.0,500.0
16f1a278-726d-4c03-b1b2-30a81a6d2bf6,7319dad3-13c7-42d7-89de-caf829d6743c,Nebraska,"TFL, Inc. DBA Mega Saver",,,,closed,,,2017-09-11,,2500.0,2500.0
a59467c0-e437-4d2d-bc90-f0d7db3b55c5,455cd5b5-edfd-48dc-877c-1f2eaa6601ae,Nebraska,All Season Construction,,,,overturned,,,2017-09-14,,500.0,0.0
d0ee1323-bda7-4a16-ad4d-99fe0fb1d7fb,c38e3073-e7ec-4cef-b7bd-6fbde5677a8b,Nebraska,All Season Construction,,,,overturned,,,2017-09-14,,500.0,0.0
8909413c-380d-4e68-b95c-f64708f56b33,2f7fc893-f835-4fbd-a54c-958e3c14e5f4,Nebraska,ELV Siding Windows & More,,,,closed,,,2017-09-28,,500.0,0.0
ecdba646-804f-4b1e-8fdf-42b0077a73ae,50392230-1f70-466c-87bc-aa0a6523e975,Nebraska,Tix Construction LLC,,,,closed,,,2017-09-28,,100.0,0.0
79b55051-9d46-4645-a44d-8595b1ef6a50,885fcf7a-5de3-45c2-8ccf-e7f7259c82d1,Nebraska,D.C. Feeds,,,,closed,,,2017-09-29,,500.0,0.0
a718da93-d81d-4a25-9a59-f1dd57238c41,727815d5-7907-4b64-add8-2d3be90a66db,Nebraska,Teavana,,,,closed,,,2017-10-06,,500.0,0.0
5bfdc186-b0f4-48b2-9159-9ab644ef369c,289e9ce9-c5fe-444f-8bd1-4471a82d7411,Nebraska,"Bootleg Brewers, L.L.C.",,,,closed,,,2017-10-17,,500.0,500.0
51b21a08-e3e1-4b1a-b61d-77239b810fb1,db7b88f2-1768-457d-8f4a-85eb67b4d838,Nebraska,Fernando Mancinas Construction,,,,closed,,,2017-10-23,,400.0,0.0
ff4a9759-043d-4095-b559-790da57c4edb,9eb6bd43-e9aa-4180-8b46-f240407201f1,Nebraska,Fernando Mancinas Construction,,,,closed,,,2017-10-23,,400.0,0.0
8e06ed8c-8d9b-4336-878e-66a864bf0bdb,746b7073-6b07-4a40-9c73-f34beaee5831,Nebraska,Fernando Mancinas Construction,,,,closed,,,2017-10-23,,400.0,0.0
1795af5a-1432-4797-a043-a81b594607bb,88af4310-8cf1-47bd-8707-aa52ce8731e9,Nebraska,Fernando Mancinas Construction,,,,closed,,,2017-10-23,,400.0,0.0
56e7dcc4-7e7c-4eb1-a723-2f7f1cfe4f55,5e97056f-df74-4b24-9087-88466ba4df68,Nebraska,City of Waverly,,,,closed,,,2017-11-08,,500.0,0.0
34a651a3-5ef2-48b8-8b9c-d46d8b8fec26,6c7b2768-ca24-418b-aecf-7b57698271e0,Nebraska,"Wright Way Fuel, LLC",,,,closed,,,2017-11-15,,500.0,0.0
2bd18da6-4422-4fba-8da5-9093882c135f,c77d0cb6-93a7-4326-9469-5c4f5e28c8ae,Nebraska,"Aernco Transportation, LLC",,,,closed,,,2017-11-22,,500.0,500.0
775e8d79-5a56-4243-9252-5e3f81d6d10d,5550324b-a541-47fe-bb78-1a025020913c,Nebraska,"Novinger Building Services, Inc.",,,,closed,,,2017-12-08,,500.0,0.0
8b7b17eb-a454-46b3-af38-9d8606844a43,cb6a12a4-a2b2-4abb-9727-e1f23b4651c8,Nebraska,Priority ONE Security Rapid Response & Safety Patrol,,,,closed,,,2018-01-04,,500.0,0.0
dcbf5052-4ec8-461f-b5d2-5a6867c36450,44bfc744-d52f-4862-bb78-1d4d279ac259,Nebraska,Priority ONE Security Rapid Response & Safety Patrol,,,,closed,,,2018-01-04,,500.0,0.0
e55e02a5-6f55-4e3b-a07f-4430fe5935df,4eae82d8-c6af-4eef-a7f1-3b96e17eb77f,Nebraska,Priority ONE Security Rapid Response & Safety Patrol,,,,closed,,,2018-01-04,,500.0,0.0
b6e91700-f8ae-4a94-b11e-8f503207f3ed,438cf36f-3f9f-48bd-bc98-4a1fb23791cb,Nebraska,Priority ONE Security Rapid Response & Safety Patrol,,,,closed,,,2018-01-04,,500.0,0.0
11a3606b-8d10-402b-a9d0-008fa16a2df6,e6ac7793-e01a-4dab-a8d7-dad6d696ee66,Nebraska,Priority ONE Security Rapid Response & Safety Patrol,,,,closed,,,2018-01-04,,500.0,0.0
586efa51-d164-4edb-ae35-12c771ef7ce3,b1372695-3cfc-4b0e-a5c9-959998e94866,Nebraska,Priority ONE Security Rapid Response & Safety Patrol,,,,closed,,,2018-01-04,,500.0,0.0
604f20f2-870a-4ff0-8689-4e2dd9fb8af1,33913de8-e99c-43fa-87a4-bc12cb2f1223,Nebraska,Cateus Pita,,,,closed,,,2018-01-08,,500.0,0.0
938fe555-342d-45a9-a8f0-8e546bb8f388,9162506b-f3a0-407d-a04b-c3cb09fe19c8,Nebraska,"Halftime Sports Bar and Grill, LLC",,,,closed,,,2018-01-12,,500.0,0.0
b70e4d9a-a446-49c3-b9f3-fe880d8232a6,47c1b563-4f65-47f6-b4d0-32952402bf40,Nebraska,Papa Bob's To Go,,,,closed,,,2018-01-22,,500.0,0.0
12ff1078-4993-40bc-94b6-99fabba07d89,38beb20f-7f7a-44b3-a5de-1c1441b6e8f1,Nebraska,Lincoln Guards Security Company,,,,closed,,,2018-02-01,,500.0,0.0
cb64959c-8159-47d2-82eb-8e59e60f8f2b,1e05f945-8947-4f48-b244-cb31882d0475,Nebraska,"Muhm Enterprise, Inc.",,,,closed,,,2018-02-02,,500.0,0.0
4e9dd2ff-dcd2-419c-a66d-26b1ec0372f5,9fd2a5ba-5e43-455b-aafc-3b25bbe80d54,Nebraska,"Muhm Enterprise, Inc.",,,,closed,,,2018-02-02,,500.0,0.0
742cc42c-9882-414d-9242-be8aed444e10,43bb2887-8bcc-4cb8-9a65-e4aafb66d03a,Nebraska,"Holt Enterprises, L.L.C. DBA Oasis Inn & Suites",,,,closed,,,2018-02-02,,500.0,500.0
44982f07-c336-468e-8d03-81f1fea47646,a85d3321-2d6d-47dc-9310-5eb2351ee5d1,Nebraska,Midland Drilling LLC,,,,closed,,,2018-02-02,,500.0,0.0
bd96d190-a4e9-4e85-924e-e3603fa66b91,1c5f3783-e80d-4699-8a6f-3323c23587c7,Nebraska,Advantage Solutions,,,,closed,,,2018-02-20,,150.0,0.0
6c8420d9-35fd-4153-80aa-b58685d01926,488caccd-468e-49ae-95c0-4a2f35ad70a3,Nebraska,Elite Mechanical/HVAC Systems,,,,closed,,,2018-02-23,,500.0,0.0
4873aa5f-3392-4d30-8673-ab153d68bf98,6ba3288d-d428-481e-adae-173a76778890,Nebraska,Elite Mechanical/HVAC Systems,,,,closed,,,2018-02-23,,500.0,0.0
80cae325-7ac9-4ea1-bab4-bcdc0c4a7ecf,bdf01e3b-75e2-4946-ae36-582e8ca31304,Nebraska,Elite Mechanical/HVAC Systems,,,,closed,,,2018-02-23,,500.0,0.0
5b8dc079-5580-4c23-ab92-6e923e2d58a7,b4eaf9a9-f255-4453-9a5f-cfc5fb716a77,Nebraska,A Perfect Clean Window Cleaning Inc.,,,,closed,,,2018-02-26,,500.0,0.0
0bf9b5d5-d315-46ae-9ff4-c5670aa6826b,be910b13-8f9b-44db-876d-c1fcb316cfc8,Nebraska,"Construction Finishes, LLC",,,,closed,,,2018-02-26,,500.0,0.0
7923b606-4b4e-44a4-a8da-5cfc902244fd,a1d8299d-bf62-4e36-b4a2-8e90974df42d,Nebraska,"UWA, L.L.C. DBA Howard Johnson",,,,closed,,,2018-03-02,,500.0,0.0
83177c65-2d65-41fc-9378-c9aa6d85fef3,5a36dd95-f4c8-49ee-b6bb-943e4ea171ad,Nebraska,"UWA, L.L.C. DBA Howard Johnson",,,,closed,,,2018-03-02,,500.0,0.0
af360d05-a999-447d-9967-fb0e85f14084,50c3e315-026e-4f6c-8503-09cb156e062a,Nebraska,Jeff Wallin Farms,,,,closed,,,2018-03-06,,500.0,500.0
00fbb030-ac90-42dd-88e1-0550fbcb76cd,eca2039b-8438-44d7-bd80-16af824f4cb2,Nebraska,City of Waverly,,,,closed,,,2018-03-06,,500.0,500.0
6e59535e-e206-47bb-99df-e23e8331fd52,b5e52e41-4019-41e6-a0f1-fe3d368b1e1a,Nebraska,"Bud Small Trucking, Inc.",,,,closed,,,2018-03-19,,500.0,0.0
7adb25ce-3e91-4a7d-83cd-d7ef13eb0ac8,48909915-285d-46f2-99d6-f834f27d925c,Nebraska,Hotel RL Omaha,,,,closed,,,2018-03-21,,500.0,0.0
d0008151-34cc-4c9b-8de1-2fd8f1559b5f,0a3e5a4f-6c12-462a-b5ec-cb8900c03996,Nebraska,Mendez Drywall,,,,closed,,,2018-04-03,,250.0,0.0
23489a15-2247-45ac-9c7b-c69f15a73b3f,d36010d1-f8b2-4251-8a3e-4d86e35ec326,Nebraska,"Energy Pioneer Solutions, Inc.",,,,closed,,,2018-04-11,,500.0,0.0
7af38a5e-76d7-49d1-8676-50951d986169,dcf69022-e017-4665-929f-1ed7badc4db7,Nebraska,Huerta Trucking LLC,,,,closed,,,2018-04-16,,500.0,0.0
03671684-2a0f-436f-81cf-eefee68a3914,594dda5f-97f1-4995-a77f-2fc7d043169a,Nebraska,All My Sons Moving & Storage,,,,closed,,,2018-04-17,,500.0,0.0
d7cf703f-208a-4c8b-864c-857935b42b63,aefd6764-6bc9-44f5-90f3-77cab4d665ba,Nebraska,"Gavrooden, Inc. DBA Mr. Rooter of Omaha",,,,closed,,,2018-04-24,,250.0,250.0
e1fb1fd3-d2d6-4dfc-b9f4-c5807b4afbfd,95890629-6e5c-4b6c-9399-7bb787742fb6,Nebraska,SABR Consulting LLC,,,,closed,,,2018-04-24,,150.0,0.0
4ab33788-97f0-4a3f-a482-4331f7c39a62,86ec9c36-619c-4cbf-b02e-984e77d74fb0,Nebraska,"Gear Supply Co., LLC",,,,closed,,,2018-04-26,,500.0,0.0
238fb074-195a-4c0b-8c53-9d0a47955025,4d09e2f7-0764-4c3e-89d6-01aeacee9698,Nebraska,"Holcomb Heating & Air, Inc.",,,,closed,,,2018-04-26,,500.0,0.0
c8978cf9-db29-41e4-9827-8ed416630b9a,20637d3c-bba2-4093-a0ac-e60467c6cb39,Nebraska,Priority ONE Security Rapid Response & Safety Patrol,,,,closed,,,2018-05-10,,5000.0,0.0
5115ba77-dbbe-4c7d-bc74-975582e989c9,ca397002-84f7-4b42-9fae-b3766511ef03,Nebraska,Priority ONE Security Rapid Response & Safety Patrol,,,,closed,,,2018-05-10,,5000.0,0.0
44737bc2-8543-4606-be7d-b0a36b622311,48a14f96-1746-4211-bb3e-3c4d38c3e495,Nebraska,Priority ONE Security Rapid Response & Safety Patrol,,,,closed,,,2018-05-10,,5000.0,0.0
99817493-0a39-4e30-8f39-e3ad3a4a6e46,8a7f0860-522b-4af9-8e17-e2a957cb3047,Nebraska,Priority ONE Security Rapid Response & Safety Patrol,,,,closed,,,2018-05-10,,5000.0,0.0
d8b0f56b-0aac-4681-82ba-bbdca1bc4f73,9562695a-39c2-4fd5-92ff-05d8cabd5521,Nebraska,Priority ONE Security Rapid Response & Safety Patrol,,,,closed,,,2018-05-10,,5000.0,0.0
e6d86e79-2ddc-4149-8248-9634fa100414,12700a24-ac15-40b8-9962-ae023c4c887e,Nebraska,The Shop on Thirteenth,,,,closed,,,2018-05-15,,500.0,0.0
074ccf7b-724d-42a0-86f5-e03abff7c410,0c417125-4563-4f2d-b27b-d46568b959e7,Nebraska,"Waterjet Cutting Specialists, Inc.",,,,closed,,,2018-05-22,,500.0,0.0
842c4d7d-8e0a-4be4-a166-eea3d00955f5,70dbf18b-036b-4b0b-811f-47ff846ad936,Nebraska,"Holcomb Heating & Air, Inc.",,,,closed,,,2018-06-13,,500.0,0.0
91aece47-634a-4d72-912f-30ef82a0b289,b2f0ea0a-b20d-4bbb-8b9b-be6ea4b2c087,Nebraska,Lincoln Guards Security Company,,,,closed,,,2018-06-15,,1000.0,0.0
0f409fbf-b18f-4046-aa9f-4c687b6230b6,1a11a2d0-e32b-45ca-8065-6bbb0513ae32,Nebraska,"Roadrunner Temperature Controlled, LLC",,,,closed,,,2018-06-18,,500.0,0.0
9f729e2f-2d72-4cef-b759-f4bbc66474cd,d33c1bf4-e5f5-416e-8d18-90e3ca8d1926,Nebraska,IHOP,,,,closed,,,2018-06-20,,150.0,0.0
bf393fe1-f527-4eac-9a48-8051c9539a1f,5172e893-ae0b-4d31-8822-523803804bae,Nebraska,Benitez Landscaping and Lawns,,,,closed,,,2018-06-22,,250.0,0.0
1ca1f849-d567-4226-a266-b67245134244,e57e1080-4de9-4d8a-a454-57b8ed1aebea,Nebraska,Benitez Landscaping and Lawns,,,,closed,,,2018-06-22,,250.0,0.0
c8cde1a0-9110-405b-bb7c-27151381423f,ef658e55-9842-454a-96a1-b769828301b2,Nebraska,Aron Geiger Construction,,,,closed,,,2018-06-22,,500.0,0.0
1354004e-1ba8-4a3a-845c-0acd5c393ae0,fa374814-7cf7-4828-b75a-332f6a86fc46,Nebraska,Burger Theory,,,,closed,,,2018-06-29,,500.0,0.0
ecf1dbde-ab14-4c05-8b56-20acd4716b31,933e44ca-0277-4e75-95a6-bdf9f079fb60,Nebraska,Travelodge,,,,closed,,,2018-07-09,,500.0,0.0
b226b719-7d45-4f03-adda-5294f5affc13,91045206-3517-4509-80fc-7a262ca63456,Nebraska,"Newstrom Tile, LLC",,,,closed,,,2018-07-17,,500.0,0.0
fe270124-cf9b-430b-8d2d-cac3692cac64,a83bcba3-7db2-4428-ba3b-ac4506a992db,Nebraska,"Newstrom Tile, LLC",,,,closed,,,2018-07-17,,500.0,0.0
c083b6b5-a076-42f2-a9e5-cd7665ff4398,6c0d7982-11b0-4b4b-ad67-d68cb7eba3f9,Nebraska,"NDCCM, Inc.",,,,closed,,,2018-07-20,,500.0,0.0
c25197cd-41e7-492c-89c0-24c4aa3a9dd9,4ed78878-739d-444c-a546-78688cd2db29,Nebraska,Playmakers Pizzeria & Sports Grill,,,,closed,,,2018-07-27,,100.0,0.0
7fdab82c-806d-4798-9041-75179d800a4e,9f8479d0-7eb2-493e-bb50-05865b9fbc99,Nebraska,SPEAK OUT,,,,closed,,,2018-07-31,,1000.0,0.0
a263f411-c8f0-428c-bcea-f294a96b8a2e,11afb037-9c08-46a3-bccc-6d8d8910c34e,Nebraska,Capriotti's,,,,closed,,,2018-08-06,,500.0,0.0
816495a2-4d69-4535-8d54-d1324bdb8b5b,a5e6d418-6270-43d6-99e1-f1f41966ded2,Nebraska,"Jensen Clinic, P.C.",,,,closed,,,2018-08-07,,500.0,0.0
8d4d3788-a690-4cf3-b1f9-078db9874836,09a24fce-da46-47cc-ba41-5b2ffe7e1c2d,Nebraska,Top Notch Lawn & Landscaping,,,,closed,,,2018-08-10,,500.0,0.0
7401356f-bf7b-4c32-87df-108ec51fc2cc,8486fa03-29fc-4156-8b93-121a4c55c3a6,Nebraska,Xclusive Trading NE LLC,,,,closed,,,2018-08-21,,500.0,0.0
ba05adfc-876a-41cf-b663-fd54b1e1c5af,9554024c-199c-4d1c-a46b-51147e584a75,Nebraska,"B & B Midwest Trucking, LLC",,,,closed,,,2018-08-22,,100.0,0.0
9f90efe2-ccc6-4600-982b-b3c5ead82e33,93725d78-ae7b-454a-9b38-e13b6212fb5f,Nebraska,Priority ONE Security Rapid Response & Safety Patrol,,,,closed,,,2018-09-05,,5000.0,0.0
9d917179-d95c-4013-a2cf-794073c1de86,fef44833-d6bb-4f8f-95fd-033bac82025f,Nebraska,"Gretna Sanitation, Inc.",,,,closed,,,2018-09-13,,500.0,500.0
25deae0b-ccf8-452c-8f95-f1bf92fcbf30,4ebaaddd-8a0a-4d8f-afe3-2950420700f0,Nebraska,Red Coach Inn & Suites Grand Island,,,,closed,,,2018-09-14,,250.0,0.0
c88b4bf8-0397-4566-839c-1f016ab84281,6775c349-1d3d-4cef-8ef1-da1edd2b29e7,Nebraska,"Von Busch & Sons, Inc.",,,,closed,,,2018-09-14,,100.0,0.0
e9cb90bf-763b-488a-924e-a296d414d5f1,19a1f4a8-dcf6-46a4-96a4-28b4c779dd0b,Nebraska,Gonzalez Drywall,,,,closed,,,2018-09-19,,500.0,0.0
d3cfeaa7-865c-41f6-93bd-a2ab1a51605d,9152bc98-006f-4ea8-98d5-fe8bbf27d7aa,Nebraska,Gonzalez Drywall,,,,closed,,,2018-09-19,,500.0,0.0
edc53151-1345-4392-a1ee-6262eb668dfc,63981b88-ff04-4847-8cd0-9832bf41f7b1,Nebraska,Roadmaster's,,,,closed,,,2018-09-28,,500.0,0.0
8d21f730-a57e-4518-8ce7-096084be1c15,ea1bae3c-c5fc-4baf-bcf5-fb6875cb74c5,Nebraska,"Trimmerz Lawn and Landscape, LLC",,,,closed,,,2018-10-03,,500.0,0.0
c9a5376a-a431-491e-9e8e-76b6fcddd8d0,aece88a4-2067-46a3-872b-69aac6dd15f8,Nebraska,Boost Mobile,,,,closed,,,2018-10-11,,500.0,0.0
6518a420-e18c-4d08-9422-dc109a9f97ae,feb3b1bc-9098-47f3-829c-02e1cf5f0b93,Nebraska,Boost Mobile,,,,closed,,,2018-10-11,,500.0,0.0
45abdc1b-7db0-46fe-be3f-b923b65b23f9,c2ff997a-d1d5-4b7c-b6ad-4498ceb4feea,Nebraska,Boost Mobile,,,,closed,,,2018-10-11,,500.0,0.0
ff9f1ee6-f073-4cfb-a19a-984158f95ad8,15c0aea5-6d10-4f5d-b2d3-85197c9211fa,Nebraska,Pickrell Veterinary Clinic,,,,closed,,,2018-10-12,,250.0,250.0
a190493e-355a-416a-90d3-e3acec8ebf03,18f3f991-8e26-46ea-ba54-469f7cdabd7f,Nebraska,The Watering Hole,,,,closed,,,2018-10-16,,500.0,0.0
b7a6eaf8-2a6b-4005-8e20-5704af1610d5,4f354746-f954-4ba0-b509-6c2ea4e76112,Nebraska,"Caniglia Heating and Cooling, LLC",,,,closed,,,2018-10-22,,250.0,0.0
9c023b9a-fe85-4598-b492-75732a1e0de6,fd3c94d1-3e98-43ee-8973-a38d024b69ea,Nebraska,Sip Coffee & Wine Bar,,,,closed,,,2018-10-25,,500.0,0.0
fe280850-96c0-4099-b8dd-42ebf3269f1a,435e427c-2eec-4bb1-8dc9-1d18bc0738a7,Nebraska,"Honest & Humble Construction, LLC",,,,closed,,,2018-11-05,,500.0,0.0
7b3f0712-9599-46f7-88f5-261739a140b0,8e925d76-e4df-4889-be00-5de74bfb7c1d,Nebraska,"AngelTrax, Inc.",,,,closed,,,2018-11-09,,500.0,500.0
b57d227f-cb5c-4de5-8d99-3f976870fde3,ea8a7b35-c0ed-45bc-b526-1ef91d060901,Nebraska,Rosalinda's Fry Bread and Mexican Food,,,,closed,,,2018-11-15,,500.0,500.0
eb87b8b4-ac43-4ab6-a9ac-129a59c8eb1b,c7515f78-3c13-40a8-a812-eee5f13adc03,Nebraska,The Corner,,,,closed,,,2018-11-16,,500.0,0.0
8752ff35-d58f-4557-a085-01cbd954d6f4,67bb72ac-4cec-411b-b626-f94aacbbbf19,Nebraska,Harvest Development Management Company,,,,closed,,,2018-12-06,,500.0,500.0
e5c34ded-b380-441b-9f8b-4623c7ee38ce,ced0a3c8-4893-4f53-ae0c-80801a3aa47c,Nebraska,Priority ONE Security Rapid Response & Safety Patrol,,,,closed,,,2018-12-06,,5000.0,0.0
caf77111-2d61-4aa5-b34b-9027e95fd1e4,857a312d-3d15-4224-be44-c44eb01b743a,Nebraska,Priority ONE Security Rapid Response & Safety Patrol,,,,closed,,,2018-12-06,,5000.0,0.0
8c8a7c34-c51b-4911-a0e2-f1a887c70bd8,8706448f-582c-436a-a293-2b7ba743498b,Nebraska,"Mr. Cools Heating & Air, Inc.",,,,closed,,,2018-12-06,,500.0,0.0
c9ed2e5d-e7f8-479c-9238-5d91379b514b,0e34cac3-7499-49fb-90a8-0db73f507707,Nebraska,R & K Cleaning,,,,closed,,,2018-12-19,,250.0,0.0
a2245d4d-5a57-4221-8312-74ae8ed41500,cce675c1-3140-41ae-97fa-7b199048a4ad,Nebraska,Evolution Towing & Recovery LLC,,,,closed,,,2018-12-21,,500.0,0.0
2644eeda-8d59-46f5-b425-328c3f59fe27,9c2e1882-a53e-4e60-a182-5a6ea2890552,Nebraska,"MW Ventures, Inc.",,,,closed,,,2018-12-27,,500.0,0.0
6da5e434-645a-4572-b700-4efcb9a9c7a3,19231c7b-c88a-4007-b8a2-05df57aa62c6,Nebraska,"MW Ventures, Inc.",,,,closed,,,2018-12-27,,500.0,0.0
40274309-d174-495a-aea5-54afd3969072,23ee6e9c-195e-4d77-861d-9920e3adef0f,Nebraska,"MW Ventures, Inc.",,,,closed,,,2018-12-27,,500.0,0.0
67da7935-dcaa-46cb-8af1-ad3c03a69409,7bf79194-94c0-4cde-8fb8-f7fa37675637,Nebraska,"MW Ventures, Inc.",,,,closed,,,2018-12-27,,500.0,0.0
33969540-377d-4ed5-a6b6-f9eeab7cd6f7,21498605-17c7-4f07-a427-49cb64d04063,Nebraska,"MW Ventures, Inc.",,,,closed,,,2018-12-27,,500.0,0.0
9afcda3c-6cb9-47f2-890e-ea8ead3ab9f9,86d10d86-edf2-47c4-9b81-83dc3084fc80,Nebraska,"MW Ventures, Inc.",,,,closed,,,2018-12-27,,500.0,0.0
b33c20da-935f-4f60-a04c-f0c9d8a56b79,e5df52b5-59cb-48f8-8d3f-fb3475b898f8,Nebraska,The Achievement Preschool,,,,closed,,,2019-01-04,,500.0,0.0
bae89dfb-34a3-4e5d-b22d-912681a8ba06,3ea4ff34-b9dc-4578-aa7d-04b12eca3764,Nebraska,"B & B Midwest Trucking, LLC",,,,closed,,,2019-01-04,,500.0,0.0
a03e2ffe-65e4-4ec0-a649-e4d44b0a027f,e012eba9-aabc-456d-b80e-ae3162ddd0fa,Nebraska,Priority ONE Security Rapid Response & Safety Patrol,,,,closed,,,2019-01-14,,5000.0,0.0
d5305c7f-0118-40f1-aa85-c509dc21dc46,568ba106-1756-4b2b-bdf9-8ae64fa92fbd,Nebraska,"Quad Packaging, Inc.",,,,closed,,,2019-01-23,,500.0,0.0
c1129361-ef01-428f-998a-d4a7e96af0d4,1e725527-afda-419f-b0d4-0eb560ee124d,Nebraska,"Jimmy's Plumbing, Inc.",,,,closed,,,2019-01-29,,500.0,0.0
131ce16c-82c0-4a8c-8a99-7c7590db10a2,cec535c1-e7d5-44da-8d4c-3ca767b96628,Nebraska,"Jimmy's Plumbing, Inc.",,,,closed,,,2019-01-29,,500.0,0.0
7460bdd1-d6e2-40ca-a43c-0267895318f7,986287f3-fed2-4376-8a92-332fb2745d2d,Nebraska,Cafe Le Fleur,,,,closed,,,2019-01-30,,500.0,0.0
02efb1b3-fd11-405c-a723-7b0752c129a7,1d14e687-4571-4828-8fd8-20d183067c8b,Nebraska,Cafe Le Fleur,,,,closed,,,2019-01-30,,500.0,0.0
4df236fd-17c0-4b20-aa98-0ae3286b3ae9,e29a42ab-1e49-4899-8693-350efc0ac3f7,Nebraska,Priority ONE Security Rapid Response & Safety Patrol,,,,closed,,,2019-02-11,,5000.0,0.0
4b1d9160-7313-4be9-aa7a-cb1ef1ae1662,9e9f3335-5e1f-4ea7-aedc-1537e145090d,Nebraska,Team Softball of Nebraska LLC,,,,closed,,,2019-03-18,,500.0,0.0
37f52a56-4ebd-4167-a2f7-fa6e2d548fac,f99e037f-f36e-487c-9d52-19bd84f1ce0b,Nebraska,"Cornerstone Tower Service, Inc.",,,,closed,,,2019-03-25,,500.0,0.0
3c14a87b-5a3c-4f1b-b7d7-a54039fb379a,960179be-726d-4090-8063-2dfee2787321,Nebraska,"Cornerstone Tower Service, Inc.",,,,closed,,,2019-03-25,,500.0,0.0
aee0d26c-3bbf-412e-8e4a-d6abaf4b0ccb,64fcd10b-ec1a-4c54-be3c-151c58e90e32,Nebraska,Archon Woodworks Inc. DBA Valley Oak Cabinet Doors,,,,closed,,,2019-03-29,,500.0,0.0
e77c8b83-8819-4226-9f15-deb09d6c1ff2,bbf8cfae-ca52-4212-bb65-aaa22a3be235,Nebraska,Archon Woodworks Inc. DBA Valley Oak Cabinet Doors,,,,closed,,,2019-03-29,,500.0,0.0
c7777b8e-a9a7-4c9f-9767-e5d3e9a017d0,b662da2c-65a2-4368-adbe-b430c21df781,Nebraska,Archon Woodworks Inc. DBA Valley Oak Cabinet Doors,,,,closed,,,2019-03-29,,500.0,0.0
b06c434f-c1be-4e8a-9201-a394e32f4c62,7092858b-9703-4d28-a365-eb7e8d2a4bba,Nebraska,Archon Woodworks Inc. DBA Valley Oak Cabinet Doors,,,,closed,,,2019-03-29,,500.0,0.0
980724e9-cea5-4a4b-898b-9e7117e839f6,80eac8bf-fe9c-47cf-9e79-3847a588fa0d,Nebraska,Archon Woodworks Inc. DBA Valley Oak Cabinet Doors,,,,closed,,,2019-03-29,,500.0,0.0
c37cb4b1-9e6d-42ac-8740-c6761602b8b1,fd0074d7-657a-4b1b-914b-ee83a45487b9,Nebraska,Archon Woodworks Inc. DBA Valley Oak Cabinet Doors,,,,closed,,,2019-03-29,,500.0,0.0
d023e8db-71e3-466a-bccf-08afdbc0c5b1,12114c70-cf1a-4cde-be50-b1809c3ffaf0,Nebraska,Archon Woodworks Inc. DBA Valley Oak Cabinet Doors,,,,closed,,,2019-03-29,,500.0,0.0
aaaa63e8-2a3d-4b57-8d21-f60d6be22450,4923e3b6-3281-4e83-8ceb-26708ab6889d,Nebraska,Archon Woodworks Inc. DBA Valley Oak Cabinet Doors,,,,closed,,,2019-03-29,,500.0,0.0
0b1786b8-9148-4200-b662-8d871d514c9d,5c8d552e-ede5-4550-8952-a956407897b7,Nebraska,"Imperium, Inc.",,,,closed,,,2019-04-02,,500.0,0.0
7af61445-48df-4e51-a244-8e5d220d7ad1,0cac2372-0b56-4039-a417-7f287001cb8f,Nebraska,"Imperium, Inc.",,,,closed,,,2019-04-02,,500.0,0.0
7bb0cb56-0702-4f56-ab51-665b9b18e2d1,9f120bc8-c9d4-41b1-8ead-9129cc13aed3,Nebraska,Bad Beard Gang,,,,closed,,,2019-04-03,,500.0,0.0
d8045676-6447-42fb-aca0-67cffff0f120,6f3eecc2-520b-4c46-9261-2e76db5b6d11,Nebraska,Care 24/7,,,,closed,,,2019-04-11,,500.0,0.0
a18ad1f0-d18d-4fca-b2f1-16a38f44b716,855fe2fc-da55-4190-8bae-f6b40e03a088,Nebraska,"Don't Care Bar & Grill, Inc.",,,,closed,,,2019-04-18,,500.0,0.0
873b2e1c-f873-4f58-969c-2868fe340d7b,7d72fdfa-af6d-4e56-a4ac-9a728a5fac19,Nebraska,"Don't Care Bar & Grill, Inc.",,,,closed,,,2019-04-18,,500.0,0.0
5eb28293-7032-4619-ab20-33364f762e48,15180e4c-7882-437c-9d68-bb1de266a4ac,Nebraska,"Don't Care Bar & Grill, Inc.",,,,closed,,,2019-04-18,,500.0,0.0
81e8cd85-8647-48cb-b413-d20d9f66c8da,2e1bb305-d6b2-48f5-9d21-09bd74c6bb83,Nebraska,"Don't Care Bar & Grill, Inc.",,,,closed,,,2019-04-18,,500.0,0.0
0e2a58c3-9bf4-47a9-809d-0fe0b2297e8c,5ad6a35e-04fc-4af6-8baa-21a29237b008,Nebraska,"Don't Care Bar & Grill, Inc.",,,,closed,,,2019-04-18,,500.0,0.0
0259bb02-3d8a-4dfa-9b52-755af2219a80,1a92b49c-2b45-4ac3-9c33-dc2eb4afcb2b,Nebraska,"Don't Care Bar & Grill, Inc.",,,,closed,,,2019-04-18,,500.0,0.0
2b910e0a-47c1-4b05-b888-12a3aec23a26,841a1d59-8820-43a7-ad18-d3b215960a25,Nebraska,"Don't Care Bar & Grill, Inc.",,,,closed,,,2019-04-18,,500.0,0.0
d1f046dd-5887-443c-afca-cbbe38ba2963,745cf938-d66f-4f73-b10a-1464cd0fdbb8,Nebraska,"Don't Care Bar & Grill, Inc.",,,,closed,,,2019-04-18,,500.0,0.0
ab620811-05eb-4e80-a7a9-d42f8f6b2a36,872d5fa4-e01a-403c-9536-0e15d664cb2e,Nebraska,"Don't Care Bar & Grill, Inc.",,,,closed,,,2019-04-18,,500.0,0.0
f72b3fa5-5c7b-4192-b370-73c6b597a845,e467738e-cd2d-47d6-9fe2-9210706c3a46,Nebraska,Archon Woodworks Inc. DBA Valley Oak Cabinet Doors,,,,closed,,,2019-04-18,,500.0,0.0
6099ef4a-1ee4-450f-abdc-3797cc4fd962,10591a27-8e39-4098-996e-e0dc96e3a523,Nebraska,Archon Woodworks Inc. DBA Valley Oak Cabinet Doors,,,,closed,,,2019-04-18,,500.0,0.0
1d1ab711-a5cd-4e89-983a-32941cfd8ff0,37505ad1-6dac-4281-a08b-994d370ec5ce,Nebraska,Archon Woodworks Inc. DBA Valley Oak Cabinet Doors,,,,closed,,,2019-04-18,,500.0,0.0
a2efe06d-7654-4ab0-8d47-f5b03929ad3a,a9b538bc-9989-4a5a-a547-7634c9ea03e5,Nebraska,Archon Woodworks Inc. DBA Valley Oak Cabinet Doors,,,,closed,,,2019-04-18,,500.0,0.0
3083a750-3652-49f8-a1d5-858f7b50787f,009a6b79-6a21-4b20-88b8-159ee1418916,Nebraska,Archon Woodworks Inc. DBA Valley Oak Cabinet Doors,,,,closed,,,2019-04-18,,500.0,0.0
f4b784c1-1748-4810-8b5d-004cb2f3db6b,514d2cb4-6c8b-4509-8ee2-74910e7e556d,Nebraska,Archon Woodworks Inc. DBA Valley Oak Cabinet Doors,,,,closed,,,2019-04-18,,500.0,0.0
19655ce5-79e7-487d-ac4d-8b138a20a615,5e1749cb-9f00-4e12-af2f-6087c54d0598,Nebraska,Archon Woodworks Inc. DBA Valley Oak Cabinet Doors,,,,closed,,,2019-04-18,,500.0,0.0
f6c294de-c57a-46f5-90b8-b9f670be59e5,a4acaaa5-2024-4a33-a0f0-17772ede0ff5,Nebraska,Archon Woodworks Inc. DBA Valley Oak Cabinet Doors,,,,closed,,,2019-04-18,,500.0,0.0
e99e8dbb-7988-489c-b527-c6d1154de4f0,816f4d09-3c2f-4a17-9679-d24cfb7b1696,Nebraska,Archon Woodworks Inc. DBA Valley Oak Cabinet Doors,,,,closed,,,2019-04-18,,500.0,0.0
3f15c903-2484-40e6-9904-7e4647d03ae2,122a61fc-49de-4488-a456-621a6249e643,Nebraska,Archon Woodworks Inc. DBA Valley Oak Cabinet Doors,,,,closed,,,2019-04-18,,500.0,0.0
6321ee40-f5c3-4663-b7df-c92533f0aea3,5495a12d-e62f-4d6f-9075-98f68b8def13,Nebraska,Archon Woodworks Inc. DBA Valley Oak Cabinet Doors,,,,closed,,,2019-04-18,,500.0,0.0
ae8826b1-efef-4ebc-b94f-68f76eba71cd,bcc4630e-271b-4c8b-a2bd-d538ebeb0c1f,Nebraska,Archon Woodworks Inc. DBA Valley Oak Cabinet Doors,,,,closed,,,2019-04-18,,500.0,0.0
29defcbd-4806-4a05-a95b-d2fd5323c178,9901c281-44c7-42ff-bbcf-7552938f8972,Nebraska,Archon Woodworks Inc. DBA Valley Oak Cabinet Doors,,,,closed,,,2019-04-18,,500.0,0.0
415f6143-6a31-418b-8281-eb89984c3bd3,7bd7da7a-aa55-4361-bbd2-7b8a9aed6556,Nebraska,Archon Woodworks Inc. DBA Valley Oak Cabinet Doors,,,,closed,,,2019-04-18,,500.0,0.0
07b7f00a-2d00-4614-8cb0-b1d9ee76656f,3d0f3b78-ec88-4436-99bc-24ccd2f79667,Nebraska,Archon Woodworks Inc. DBA Valley Oak Cabinet Doors,,,,closed,,,2019-04-19,,500.0,0.0
45369aa9-5492-4cfc-850d-bf1b28a7c5c1,4df661f3-35ea-4874-b156-e4dc3d9a8fd7,Nebraska,"MyPainDoc, P.C.",,,,closed,,,2019-04-25,,500.0,500.0
c81ae384-de46-4be4-9f43-936b28b5ec54,5477e6b9-de44-4122-9a81-3f7e36adc06e,Nebraska,Cafe Le Fleur,,,,closed,,,2019-05-07,,1100.0,0.0
f17b681e-2bfe-4f78-9f50-eb9b866bc965,d44a3c56-8f2c-4c96-a7fe-b5942046ba29,Nebraska,"The Tailored Room, Inc.",,,,closed,,,2019-05-09,,500.0,0.0
029c7aea-0db4-48d0-bba5-9e27d1cad4a7,9176c367-36dd-4a98-8702-f6f8c021474d,Nebraska,"The Tailored Room, Inc.",,,,closed,,,2019-05-09,,500.0,0.0
4cb087cf-7f03-4281-b9f5-3cfa1bf4ad84,6dddad4b-ae73-41f8-9de6-f855759c96e0,Nebraska,"The Tailored Room, Inc.",,,,closed,,,2019-05-09,,500.0,0.0
dfd472d3-aa37-441d-9214-7408e8d0e5bb,2359e86b-5461-42d7-bf9f-27051de5007b,Nebraska,"G4 Acquisitions, Inc.",,,,closed,,,2019-05-10,,500.0,0.0
86289b58-f250-4268-a4aa-c4c318e1cc14,578c1658-b66b-428a-a468-bc87b3e855cd,Nebraska,"Slack Truck Line, Inc.",,,,closed,,,2019-05-30,,260.0,260.0
44bfdfcd-8c2e-45be-98ea-5bb5645f2bb1,68e46999-765d-469e-9b5d-96eec52ae367,Nebraska,"Infinite 8 Institute, LLC",,,,closed,,,2019-06-19,,500.0,0.0
6fdbb3e9-09f7-4788-8e7a-9605e5307896,b5a36407-923a-4a94-9456-7b5881b09658,Nebraska,"Infinite 8 Institute, LLC",,,,closed,,,2019-06-19,,500.0,0.0
78674534-01a9-4a59-9f43-15a08e67c33c,491f8496-da18-47de-b21f-67e04c1b3581,Nebraska,CK Kitchen & Bath,,,,closed,,,2019-06-19,,500.0,0.0
6d639e3a-c5c6-42e6-8d83-b18509b96bf5,ff6e7d9b-8a0d-43eb-9786-1951fc8756f6,Nebraska,Cafe Le Fleur,,,,closed,,,2019-06-19,,5000.0,0.0
1ba4c09b-fef6-4579-93b0-f3274fe99248,45e09c1e-7eb5-4340-bb9b-b731a27e78a6,Nebraska,Professional Pro Cleaners Inc.,,,,closed,,,2019-07-03,,500.0,0.0
b140090f-2f3b-47d8-b9a1-30252fbb651c,b3a3db28-d05b-4948-a953-a145759fbcf5,Nebraska,Complete Carpet & Flooring,,,,closed,,,2019-07-09,,500.0,0.0
08cc0349-6ffd-41f7-a4f4-241a3c62a21c,4d45691a-805d-4962-a084-fe3c112e99ea,Nebraska,"Celebrate Life, Inc. DBA Birchwood Manor",,,,closed,,,2019-07-12,,500.0,0.0
a5f1268d-58cc-46f2-8b31-d7e0c3a826e0,7f1ad4c3-37a8-4572-98ab-d7dae0300ba0,Nebraska,"Celebrate Life, Inc. DBA Birchwood Manor",,,,closed,,,2019-07-12,,500.0,0.0
248138f4-4e24-4753-adc9-19132fccb5c2,63e44237-039b-4930-a764-d0a7410606bd,Nebraska,"Celebrate Life, Inc. DBA Birchwood Manor",,,,closed,,,2019-07-12,,500.0,0.0
8306d8d6-50bc-4b35-864f-4873d8855b82,0f9eae1e-b400-4a00-8a65-55ba74bb9dd5,Nebraska,"Celebrate Life, Inc. DBA Birchwood Manor",,,,closed,,,2019-07-12,,500.0,0.0
e9623bd2-c366-4812-aa42-b02b6048b050,e03b5d86-6deb-4b68-895c-6dba51b46411,Nebraska,"Celebrate Life, Inc. DBA Birchwood Manor",,,,closed,,,2019-07-12,,500.0,0.0
22810664-8fff-41c0-a268-828e1f06de9a,92350a4e-ee18-4f0f-bbcd-2b08f5168556,Nebraska,"Celebrate Life, Inc. DBA Birchwood Manor",,,,closed,,,2019-07-12,,500.0,0.0
fa5dcc8f-147e-4148-a73f-9c569a7b5d3a,379a75aa-bdb8-440d-a376-93bdf1bae990,Nebraska,"Celebrate Life, Inc. DBA Birchwood Manor",,,,closed,,,2019-07-12,,500.0,0.0
5df3e9ff-3214-4fa7-9f60-9b5d52f3785b,be56d2d1-84e6-4d4f-980a-24bec3848b06,Nebraska,"Celebrate Life, Inc. DBA Birchwood Manor",,,,closed,,,2019-07-12,,500.0,0.0
4139f968-cacb-4da7-8828-bb246ddeb71b,82617880-161c-456a-a76d-827c621090e5,Nebraska,"Celebrate Life, Inc. DBA Birchwood Manor",,,,closed,,,2019-07-12,,500.0,0.0
5325f7b8-9911-44ba-9eef-a5a0e5b30b20,243a4886-ba05-4fe3-9fca-b613cb0a0cfe,Nebraska,"Celebrate Life, Inc. DBA Birchwood Manor",,,,closed,,,2019-07-12,,500.0,0.0
441f1c83-7ac0-4e2e-bd44-a115d17056ac,d128a486-1da0-4797-8981-00fa638dfce1,Nebraska,SC Decks,,,,closed,,,2019-07-22,,500.0,0.0
19ce5fe2-e690-44b0-b53c-14c4d4a7751d,4a1bfa71-c980-4441-b192-0218f2430db2,Nebraska,"LME, Inc.",,,,closed,,,2019-07-26,,500.0,0.0
ff0c5bfd-6fd1-472a-8135-a13142b00099,16b6852c-9d3e-4355-8e08-769c0a8552a6,Nebraska,"LME, Inc.",,,,closed,,,2019-07-26,,500.0,0.0
5b56ea5d-c6d9-4edd-b935-a195773ed11e,18281594-3b62-4952-8545-bc341e5ae8a2,Nebraska,Dignity Home Care Inc.,,,,closed,,,2019-07-29,,500.0,0.0
913ab26b-6541-40e8-b835-8ed676bab2a2,949e65b3-2b92-44bc-add5-795adaccda9d,Nebraska,Steak & Grapes,,,,closed,,,2019-08-06,,500.0,0.0
7ab1205c-a287-4f4e-a098-d9c08b4f12cd,c276518f-d6e0-4ff8-babb-e56121404dc4,Nebraska,Steak & Grapes,,,,closed,,,2019-08-06,,600.0,0.0
fe855508-dd86-4f0c-9bc3-f55272815d53,303fe02f-daf7-48db-abd4-9419ac4746d0,Nebraska,Blue Blood Brewing Company,,,,closed,,,2019-08-08,,500.0,0.0
1a4dcc4c-7199-4e7e-acd5-be717960b751,0e432fe7-de19-4f98-8f92-1757d5005604,Nebraska,Blue Blood Brewing Company,,,,closed,,,2019-08-08,,500.0,0.0
8daf4b76-e5e1-4cd3-b0c6-f8289000a5b2,60890d43-f06b-49f5-ac68-efcbc7126290,Nebraska,Blue Blood Brewing Company,,,,closed,,,2019-08-08,,500.0,0.0
3e064abf-6abc-4699-ab4f-8021ce1e20c5,0d3c0a30-ab66-4012-854e-7e9487206c5c,Nebraska,Blue Blood Brewing Company,,,,closed,,,2019-08-08,,500.0,0.0
b00cc2d3-a138-45b7-aaca-c57ba7c64926,399cf0c6-7f60-4f10-b397-2ee405d9d0fc,Nebraska,Blue Blood Brewing Company,,,,closed,,,2019-08-08,,500.0,0.0
50f45c74-48f0-4f48-9495-e68e2eb50a1a,ae301a4c-c27d-468e-befe-72d8449aa76f,Nebraska,"Lincoln Industries, Inc.",,,,closed,,,2019-08-13,,500.0,0.0
5af23e86-99b2-4796-a41d-77ab0522970b,3cabe008-0b65-488a-bb79-6c32e9efa230,Nebraska,Breadman Inc,,,,closed,,,2019-08-16,,500.0,0.0
e6558488-ee27-4b85-9d10-fcafb7c81fc5,588d24d5-0ffe-4f83-9b35-ccc4d5ab47e1,Nebraska,Alorica Inc.,,,,closed,,,2019-08-23,,408.0,408.0
71ff4110-29e0-4e21-a9a4-b5903dacba94,44607360-db71-4d8f-972b-389636469f9e,Nebraska,Alorica Inc.,,,,closed,,,2019-08-23,,340.0,340.0
19bba074-06c2-4973-a9aa-ca95101cebb4,c4a3900f-5ab8-4cfc-8120-06fafd1d8825,Nebraska,Alorica Inc.,,,,closed,,,2019-08-23,,426.0,426.0
6aa8c070-f357-4826-9fe0-6e2271eac4b3,a374d647-2800-4bca-9151-6fa38e373b4f,Nebraska,Alorica Inc.,,,,closed,,,2019-08-23,,280.0,280.0
29e9a0d1-47a6-4618-9156-ff8ffcd574b9,6556b114-cef7-4e72-88e4-4a9804ca8f47,Nebraska,Alorica Inc,,,,closed,,,2019-08-23,,410.0,410.0
e2dbef46-f5c0-4874-a930-2d9f050d94fa,536df75e-da7d-4aaf-b3a4-041db7842a52,Nebraska,"Signature Electric, LLC DBA D & J Electric",,,,closed,,,2019-09-03,,500.0,0.0
6eb9510d-87db-45f3-a9d8-3d81423b02f4,e1a9312b-a74f-4d20-8f9a-98b1c9dc54a0,Nebraska,"Signature Electric, LLC DBA D & J Electric",,,,closed,,,2019-09-03,,500.0,0.0
e54b2a3e-9c0b-4a5e-a6d4-04b7ad88808f,81315ad2-ae3f-4a34-b417-87600abc0a05,Nebraska,"Signature Electric, LLC DBA D & J Electric",,,,closed,,,2019-09-03,,500.0,0.0
ee1952ed-6d39-468d-ae9c-f7b8c50c73c6,2595d0c2-6f0a-4a3c-b3f4-af1f517d2384,Nebraska,"Signature Electric, LLC DBA D & J Electric",,,,closed,,,2019-09-03,,500.0,0.0
a6fa8b19-e102-41d4-afb7-80d0cc4513f4,74e7feda-7c0b-44cb-8d20-22a87c21f0d1,Nebraska,"Signature Electric, LLC DBA D & J Electric",,,,closed,,,2019-09-03,,500.0,0.0
d9684482-7ea6-4b47-a5f8-f567d158c94a,77ae2872-07a7-45a6-b6ab-8d92a9099687,Nebraska,"Signature Electric, LLC DBA D & J Electric",,,,closed,,,2019-09-03,,500.0,0.0
2335ba63-4425-4aee-939a-37d33e35ceb5,3127bd9c-9341-48df-8add-0d83089106dc,Nebraska,"Signature Electric, LLC DBA D & J Electric",,,,closed,,,2019-09-03,,500.0,0.0
b0ab3d97-7f08-44ff-b366-8cc56db43eb3,66a39171-09ef-4932-b5c6-d845c22c5920,Nebraska,"Signature Electric, LLC DBA D & J Electric",,,,closed,,,2019-09-03,,500.0,0.0
0126917d-5309-4c77-a547-1bd60b9fa38d,7173ad77-1d73-4903-8a52-1f3d01a396a5,Nebraska,Deker Corporation,,,,closed,,,2019-09-03,,500.0,0.0
3a0ab421-0095-4552-971d-0ed99241943b,a8ac66c0-3d89-4248-8eaa-3561428f449e,Nebraska,C&D Farms,,,,closed,,,2019-09-04,,500.0,0.0
4a6c4e05-6bf1-49f7-929c-44bf78f9d081,41006b5b-d845-46fb-a0c9-e2944f3c1d01,Nebraska,The Hop House Bar & Grill,,,,closed,,,2019-09-09,,500.0,500.0
b1d4e5cf-5f39-4cac-bbe0-4c374d699a86,bc03704c-5bd1-4a02-b027-705b201215f5,Nebraska,"Sautter Construction, L.L.C.",,,,closed,,,2019-09-12,,500.0,0.0
0657050a-514f-42f9-a332-c4eb03ed5904,e1a7de31-d47b-471d-8080-11fcfc1627e6,Nebraska,"Apostle Nursing Home Health Care, LLC",,,,closed,,,2019-09-17,,500.0,0.0
e39ce78e-26e2-4524-a3c2-2daa6e51f115,6c055f58-9d50-4d98-a306-db984ef681c0,Nebraska,"Core Energy Solutions, Inc.",,,,closed,,,2019-09-17,,500.0,0.0
df63015b-befe-4949-9649-d57a4b1599df,4190c1ed-c51b-48bb-b1c9-a8807cfe4b39,Nebraska,"Natural Health Center, P.C.",,,,closed,,,2019-09-18,,500.0,0.0
80da814d-6b85-4601-9df9-d0ac3e0ab263,5f0dcf3a-a7be-43e4-a5a8-34c7180f032f,Nebraska,Countryside Remodeling,,,,closed,,,2019-09-20,,500.0,0.0
21349148-b3ee-4651-ba49-0c6299e73aec,b16adc3d-39cc-4bd9-919a-6270bbe69598,Nebraska,"Nickell Construction, LLC",,,,closed,,,2019-09-25,,500.0,0.0
9aee029e-d536-4bfa-a8fd-ba000541a033,784f29fb-517b-4fb3-b829-e443c4a87c36,Nebraska,Bayshore Constractors LLC,,,,closed,,,2019-09-27,,500.0,0.0
62abf945-659d-44d2-9eef-77461350bcfd,31db2401-2065-4d45-9710-acf8bf4c2d35,Nebraska,"Genesis Health Clubs Management, Inc",,,,closed,,,2019-09-27,,500.0,500.0
c9843eaf-83f6-4207-b232-40ef433cdd38,fe71a8da-0470-4a03-9905-ee8030ea92e2,Nebraska,Western Nebraska Pioneers Baseball Club,,,,closed,,,2019-10-02,,500.0,0.0
ad911c35-ec8d-4cd5-90fe-ce26e9bd7781,ab8055f5-7168-471d-b748-8fbf4047ea31,Nebraska,Western Nebraska Pioneers Baseball Club,,,,closed,,,2019-10-02,,500.0,0.0
e1b5ecc4-7c23-4ae1-9720-b0642b7570b9,f4591e65-a076-48a4-8576-d0eb491624a2,Nebraska,Western Nebraska Pioneers Baseball Club,,,,closed,,,2019-10-02,,500.0,0.0
6468a233-7ec5-4e21-9cfe-a347df485bd8,e73d52b6-8d85-40b1-ae5d-4cf577f03c23,Nebraska,MMP Enterprises,,,,closed,,,2019-10-07,,500.0,500.0
13761eff-14ab-4f9d-8f73-68121d97ba42,490d55e1-bad1-4cb3-b2fe-373546e71db8,Nebraska,MMP Enterprises,,,,closed,,,2019-10-07,,500.0,500.0
8d38edce-ce4c-4b35-9c40-192ce9402617,10aaca6b-7b60-4df0-bf2e-facb35592ece,Nebraska,MMP Enterprises,,,,closed,,,2019-10-07,,500.0,500.0
c9f4f660-6727-4f06-929e-26437a50c800,89938e83-bb3b-4876-a6dc-3dcfb923e362,Nebraska,MMP Enterprises,,,,closed,,,2019-10-07,,500.0,500.0
f47e685d-d270-4939-a87e-e60745ec9469,82272469-0aa3-4d03-b646-2e70dcbb246b,Nebraska,"NM Concrete Construction, L.L.C.",,,,closed,,,2019-10-09,,500.0,0.0
9ff2a12c-b43d-4138-b188-f09a361f0dd4,9bb6189c-5c6f-459e-b4ae-bb2212d36824,Nebraska,MJK Designs & Landscaping LLC,,,,closed,,,2019-10-17,,500.0,0.0
ab12467f-6881-4f3e-bb87-c770f8dab40c,b11076f4-d15a-4a26-8a15-edef65504def,Nebraska,Rough Road Repair,,,,closed,,,2019-10-29,,500.0,0.0
19df465f-24c6-4587-b46c-10e522a4363b,2920b685-01d9-4b84-9bef-bdcfcfeeff6b,Nebraska,Rupert Construction Co.,,,,closed,,,2019-11-01,,500.0,0.0
64db7db4-4098-4d01-887f-d33498e5ea5e,1ede0faa-2f7b-4288-b030-bbff7ec86ee8,Nebraska,KMC Enterprises Inc,,,,closed,,,2019-11-21,,500.0,0.0
790ef77d-8e32-4872-82d8-c915fcd3b600,ec17f01a-f520-434d-8dc6-ff604dfd88ca,Nebraska,KMC Enterprises Inc,,,,closed,,,2019-11-21,,500.0,0.0
e38cdb47-6a69-4af7-9553-528c804096aa,9bf2858e-ee2c-4e85-9e42-9b9602cc4cfe,Nebraska,KMC Enterprises Inc,,,,closed,,,2019-11-21,,500.0,0.0
b4dec9bd-8d5b-4db7-b057-7f566c355b9c,3a8b041f-e177-4076-b8ba-33b0a3394736,Nebraska,KMC Enterprises Inc,,,,closed,,,2019-11-21,,500.0,0.0
8cb32372-dbd9-4f6a-927b-09924a2b170a,c5b4d04d-0689-42a6-a833-9075e7ec7cc3,Nebraska,KMC Enterprises Inc,,,,closed,,,2019-11-21,,500.0,0.0
dd0fd54b-3ecd-4af7-8b11-e37f0ad0aad4,71a12066-5061-40a7-a5bc-626cbbe78751,Nebraska,KMC Enterprises Inc,,,,closed,,,2019-11-21,,500.0,0.0
802e456e-0dd5-48ac-83a3-c6d9b1bdcb39,ac6688b7-df44-4e94-a054-88137d0375bd,Nebraska,KMC Enterprises Inc,,,,closed,,,2019-11-21,,500.0,0.0
a7831c55-7241-45a0-8e1c-23b9f80530f8,663315e2-dcd4-4597-a094-e306453d201b,Nebraska,Pet Event Pros,,,,closed,,,2019-11-25,,500.0,0.0
24eff2cd-85bc-428e-a7f4-636f183cf659,0f600778-49fb-4b5c-bc1a-1d04413ff51c,Nebraska,Schilke Erectors,,,,closed,,,2019-12-02,,500.0,0.0
74649a9a-7819-4d8d-a78f-dfb25e059df4,be62d744-f2da-4f1d-810d-85e04f5a0f21,Nebraska,Professional Pro Cleaners Inc.,,,,closed,,,2019-12-02,,500.0,0.0
d9856c94-76cf-44dd-b7cb-19771f0cedad,8cd09c43-743d-4208-8df9-75e6c7401ca8,Nebraska,A Flippin' Sweet Pizzeria & Italian Joint,,,,closed,,,2019-12-11,,500.0,0.0
62338b58-b516-4cb6-b668-973b1aa2a447,21ae72ef-d35f-483d-a4bd-b8e2422e4e5c,Nebraska,Legbo Services of Omaha,,,,closed,,,2019-12-27,,500.0,0.0
7b9372b8-1f83-4cbf-820b-d5d78c696aa0,9ad37487-7faf-42e4-8272-9a5fde1bcc3e,Nebraska,"Infinite 8 Institute, LLC",,,,closed,,,2020-01-10,,5000.0,0.0
570a023b-c7e6-466c-8e32-2a92c0178529,c7c0b9ab-cc5b-419f-8440-c53ff63c94a5,Nebraska,3 Rivers Construction,,,,closed,,,2020-01-16,,500.0,0.0
6dd8d691-b27f-4ca5-8609-d8612b71d968,40521c10-f448-49c8-8ac3-2a574d4c19b1,Nebraska,9 South CharGrill,,,,closed,,,2020-01-27,,500.0,0.0
2c9b1d7b-612a-4492-b499-7fc4d145c544,10d08d19-e339-467e-b2cd-3254990f8065,Nebraska,NAC General Construction LLC,,,,closed,,,2020-02-05,,500.0,0.0
2275408b-0b29-4e98-9e16-2ba83c2ca204,c3d99626-5d7e-4260-9411-6572e64cdecc,Nebraska,NAC General Construction LLC,,,,closed,,,2020-02-05,,500.0,0.0
3263337e-75a2-4d55-81eb-cc306fefb7a4,d7141b38-9724-4a8d-9a1c-bb7a5bc12712,Nebraska,NAC General Construction LLC,,,,closed,,,2020-02-05,,500.0,0.0
4be357f0-8dcb-4c68-a4f4-2eac393f769e,7041093f-e44e-4044-8276-9f089dc04a25,Nebraska,"Marshland Acres West, L.L.C.",,,,closed,,,2020-02-07,,500.0,500.0
ad043e3f-d7d3-4d4e-9de5-ac84f999d38b,68a42f11-0d33-4b95-a727-44b96c173455,Nebraska,SABR Behavioral LLC,,,,closed,,,2020-02-25,,500.0,0.0
ebc7b9d5-ce14-456f-b697-070d271f4c37,b772d5cb-3f62-45f7-9866-86229f48d501,Nebraska,"Kwik Shop, Inc.",,,,closed,,,2020-03-05,,500.0,0.0
f5967896-b541-4118-b9d3-c15c63fe998d,cad4df46-d442-4aa8-91c1-d0d3a5873e5a,Nebraska,Ozzy's Roadhouse,,,,closed,,,2020-03-06,,250.0,0.0
8cb671cc-6cff-4f7c-8a5d-b39bf951d7cf,9f831410-d4e2-4f0a-a027-f435127ce7e9,Nebraska,Gonzalez Drywall,,,,closed,,,2020-03-06,,500.0,0.0
9cfa70d6-fe5a-41d0-82be-00794c0f63ad,2a7e42f0-92c0-40f1-b920-3522b950808a,Nebraska,Tuffy Auto Service Center,,,,closed,,,2020-03-16,,500.0,0.0
4da3c9ca-2bdc-42c7-aa2d-297e7d87db54,77c6a36a-c325-4dba-a213-da6126f80b3c,Nebraska,T3 Construction LLC,,,,closed,,,2020-03-24,,500.0,0.0
bfebd1f4-45f0-4a92-bcd3-2650bfeff0e6,39c493ab-3b44-4eb7-9421-32ca16192242,Nebraska,T3 Construction LLC,,,,closed,,,2020-03-25,,500.0,0.0
776f8fb5-ff2d-46d2-9ecd-46d3a09ff3f2,ec79d178-9992-4bb3-b546-eb375fe3aa0b,Nebraska,Krab Kingz,,,,closed,,,2020-03-26,,500.0,0.0
c50abcd2-bced-4191-89f7-f9e365433985,913d3cca-411d-4290-8164-f1de9ecaaf2e,Nebraska,Ever Lasting God Childcare Center LLC,,,,closed,,,2020-03-31,,500.0,0.0
72044297-9261-450f-9664-a963fff906ae,0238fb31-bb65-423e-afe0-215148d467e4,Nebraska,Lincoln Lumber Company,,,,pending appeal,,,2020-04-07,,500.0,0.0
55ca7f12-c714-443f-b1af-c35e31dc8548,f61cee4e-a3d9-4b32-8c95-cdd53c70c794,Nebraska,"Pupuseria & Restaurant El Rinconcito, LLC",,,,closed,,,2020-05-01,,500.0,0.0
2bd24873-d353-46e4-ad46-653c202e3077,ae4c8ea1-2d41-4ab0-9515-e3aadd62abfc,Nebraska,"Pupuseria & Restaurant El Rinconcito, LLC",,,,closed,,,2020-05-01,,500.0,0.0
a6418422-5c50-4e48-8170-ba0a9985b438,43268ed5-8578-4436-8b27-b3d7edfb16da,Nebraska,"Pupuseria & Restaurant El Rinconcito, LLC",,,,closed,,,2020-05-01,,500.0,0.0
997b7fdf-432c-4a78-93c0-47a9dd3d145b,93d0244a-927d-45b2-b606-c2361df8cf47,Nebraska,"Williamson Cleaning Services, LLC",,,,closed,,,2020-05-04,,500.0,0.0
45cdffe4-e0d7-4b50-84f6-71556ee61ed2,094a12d6-5aaf-4145-ad57-0962316ec837,Nebraska,"Exterior Wood Care, L.L.C.",,,,pending appeal,,,2020-05-05,,500.0,0.0
5e43ca9e-3cde-4823-a606-509442f6a803,bd4ec518-4c67-40df-8fe4-ddaf25b4f4e9,Nebraska,SABR Behavioral LLC,,,,closed,,,2020-05-07,,500.0,0.0
477fc4d4-9034-42ed-9db7-23dfdfe8b153,2fc2de81-5ba2-4cd1-aadf-27cdc627821d,Nebraska,SABR Behavioral LLC,,,,closed,,,2020-05-07,,500.0,0.0
da91fa32-78bc-4964-825b-8bdfc7fe6039,92e43a1d-b48e-4436-9351-2fb4a7f9f19e,Nebraska,LC Hardscapes LLC,,,,closed,,,2020-06-15,,500.0,0.0
676334ee-8a17-4a2b-9c1d-32d1839ba457,d1fe1567-9013-4536-8f65-04aab23fd9ca,Nebraska,DL Phillips Electric LLC,,,,closed,,,2020-06-22,,500.0,0.0
6f5886dc-885b-44be-9804-9500c6605ead,d331c7f1-8f58-47db-9ce6-d45af412d151,Nebraska,DL Phillips Electric LLC,,,,closed,,,2020-06-22,,500.0,0.0
e471ab08-4281-42ed-b0af-f7da61bfba44,ed167d3a-e72f-408e-a689-24599b2b3f8a,Nebraska,Triple K,,,,closed,,,2020-06-23,,500.0,0.0
db18acb8-46b8-4be0-badf-85b6a141fb6c,2fac958b-8bc5-4c5c-9248-224f40925391,Nebraska,Whirlpool Corporation,,,,closed,,,2020-06-29,,500.0,0.0
fde06e10-f8c1-4093-ab3b-e2063ab8ca69,dc629ec4-e957-4d88-9116-074220124b48,Nebraska,Travelodge,,,,closed,,,2020-07-06,,500.0,0.0
0c94ff85-271e-4f6f-b515-6e1bf109ab3c,8e7894a8-4422-4734-9abe-3c6c4d6ee521,Nebraska,Travelodge,,,,closed,,,2020-07-06,,500.0,0.0
b03df333-1274-49b6-9304-dbda621cc346,5eb0920b-a980-4fc5-a77c-dd46dfd785e3,Nebraska,Broadway Steakhouse,,,,closed,,,2020-07-07,,500.0,0.0
3c212014-3f38-4bd6-b38b-e43467d9ac9c,df1bc702-2c66-41a3-89d1-46ee0b1bed47,Nebraska,Wave Pizza Co Hastings,,,,closed,,,2020-07-22,,500.0,0.0
a10c8808-e81f-4870-81ec-72c7beca5b6d,280ec04d-d2e4-4b75-9592-721af5ef3c78,Nebraska,Wave Pizza Co Hastings,,,,closed,,,2020-07-22,,500.0,0.0
8ccbad81-ce88-4aed-8439-f83e2ad31a93,8a879c0c-ad8b-4a34-a212-890bfe071054,Nebraska,Krab Kingz,,,,closed,,,2020-07-29,,500.0,0.0
aff9cab2-cc3e-481b-818a-eb6a84e65a43,68d9614c-b0d4-46f4-92da-057687c2fe7a,Nebraska,DL Phillips Electric LLC,,,,closed,,,2020-08-13,,5000.0,0.0
28af75ac-df7c-4a35-ab69-0df99bf9dce6,b5fcd764-e5e3-4e84-b5ad-b0bc0b16b283,Nebraska,DL Phillips Electric LLC,,,,closed,,,2020-08-14,,5000.0,0.0
0215e299-70f4-48a4-8fd5-67d3507e9316,2935a3a4-0503-4de4-8518-afff06f90b9b,Nebraska,DL Phillips Electric LLC,,,,closed,,,2020-08-14,,5000.0,0.0
e2570133-0d86-4036-b804-d52b95e27d0f,bbe39c7b-6d08-4028-97c0-8151427355eb,Nebraska,DL Phillips Electric LLC,,,,closed,,,2020-08-14,,5000.0,0.0
120925e7-758b-4f44-bf8a-a0381194c0df,f17ce0cb-2b89-4cbf-8362-7efe7c83578b,Nebraska,DL Phillips Electric LLC,,,,closed,,,2020-08-14,,5000.0,0.0
0cd47546-0558-4cbf-a88a-f47e01eb6d4c,e38f4eff-ff21-4021-b64d-edf296fc34d8,Nebraska,DL Phillips Electric LLC,,,,closed,,,2020-08-14,,5000.0,0.0
77579293-724b-4db3-a98a-fab2a9023375,3b950aa3-0500-4936-aa37-258d6d85391a,Nebraska,DL Phillips Electric LLC,,,,closed,,,2020-08-14,,5000.0,0.0
f2ed3e57-c4f3-4b80-9fb7-51430fbed9c5,9c9166b5-a281-43a1-8642-fd4136292b63,Nebraska,DL Phillips Electric LLC,,,,closed,,,2020-08-14,,5000.0,0.0
675b3c2c-c43c-422c-beeb-209fa2357876,463c3642-89ea-45dd-8ada-36f5203de25b,Nebraska,DL Phillips Electric LLC,,,,closed,,,2020-08-14,,5000.0,0.0
90bad1c0-515a-4a61-bffa-2157f2080f34,b9a5c83b-a7ce-4b0f-a3f0-10f1b45a3a4d,Nebraska,DL Phillips Electric LLC,,,,closed,,,2020-08-14,,5000.0,0.0
0d9db33b-49be-44aa-95fe-75df175961a1,bdd781dc-c4d4-4173-8b63-a2fec9200ecc,Nebraska,"Examination Management Services, Inc.",,,,closed,,,2020-08-20,,500.0,0.0
a84e9a78-12d6-4be7-b1ee-c23108cfd140,551adb91-a7f0-4302-97be-142e6744cd7e,Nebraska,"Giggles, Inc.",,,,closed,,,2020-08-24,,500.0,0.0
01330d0e-e0de-4da7-bd19-607fedf5844c,db72f24b-586c-4465-b72c-0cc8d57a2ffd,Nebraska,College Hunks Hauling Junk & Moving,,,,closed,,,2020-09-03,,250.0,0.0
57896833-bd40-4b0c-a82f-421c8f1c176f,b1e06ebd-158b-4f65-a8e2-a6949683d5f0,Nebraska,Comfort Inn At The Zoo,,,,closed,,,2020-09-11,,500.0,0.0
4077a1f2-11e0-4152-839c-b5e80c1a5eff,8af490c6-c2e2-45af-ab09-9b8af46f8080,Nebraska,DigiExt,,,,closed,,,2020-09-15,,500.0,0.0
dac6939b-72af-467b-83c3-c220f882cecf,54515407-a8e3-476d-a46e-823f8ff081f3,Nebraska,Rusty Taco,,,,closed,,,2020-09-15,,50.0,50.0
aa552cfa-90cf-411f-9f9c-b4b9646dd77b,9db73841-6a49-4506-b390-48885ee1ed7f,Nebraska,Critel Construction and Buildings,,,,closed,,,2020-09-25,,500.0,0.0
a81ac198-af08-4ca1-aba1-545f04af3744,1c92055a-63ad-441b-979b-87cbe7153126,Nebraska,Critel Construction and Buildings,,,,closed,,,2020-09-25,,500.0,0.0
3232ad84-b732-4665-b895-33a865ea87aa,4af14029-a114-4df1-af45-c0fcc07d2bb9,Nebraska,"Mom & Paup Family Restaurant, LLC",,,,closed,,,2020-10-20,,500.0,0.0
fbdbfcbb-a7da-40b1-b870-f65d60091b12,817b1dd6-5ccb-40ea-8088-6a696b9da0cb,Nebraska,Apex Appliance Repair,,,,closed,,,2020-10-29,,500.0,0.0
e5eb2b00-a439-448a-8e2c-08459f3f0fcf,83836992-3eb1-4269-84ab-406105842ee7,Nebraska,Reed Design Architects,,,,closed,,,2020-11-17,,450.0,0.0
78086a11-fd74-4f8b-8932-8146fd81406f,6aa3e65c-e552-4055-86d8-9d7c015e936a,Nebraska,"Midwest Data Service Bureau, LLC",,,,closed,,,2020-11-23,,500.0,0.0
ff81f6f1-668c-477b-b8fe-7cc12bd38c29,dac4dbde-23af-4ecd-9169-38836814e85e,Nebraska,"Midwest Data Service Bureau, LLC",,,,closed,,,2020-11-23,,500.0,0.0
513bfb89-34e0-497a-92b2-ef6a5bcebbb3,ab238e16-817f-4eae-9a0a-a003706a8b7a,Nebraska,"Midwest Data Service Bureau, LLC",,,,closed,,,2020-11-23,,500.0,0.0
09b8536f-3e2f-4735-a3c7-20950b03dd13,63c29f17-7cbc-4107-82ef-1d620d89b1a0,Nebraska,"Midwest Data Service Bureau, LLC",,,,closed,,,2020-11-23,,500.0,0.0
ae860b0a-893c-4f6d-b920-5ee2135b4963,2a92e694-24eb-422c-9ef3-6785f9c9555f,Nebraska,"Midwest Data Service Bureau, LLC",,,,closed,,,2020-11-23,,500.0,0.0
a688927b-18f9-4209-9771-7248f44e96de,1064fd8e-d66a-4b71-9a4d-71d70d9bffdb,Nebraska,"Midwest Data Service Bureau, LLC",,,,closed,,,2020-11-23,,500.0,0.0
46dee2ee-38ef-45df-852c-a90881138cac,e00942ab-d0ad-4f2e-b2ad-3bbb76a66fc5,Nebraska,LC Hardscapes LLC,,,,pending appeal,,,2020-11-25,,500.0,0.0
d743ea07-020f-40e7-92a5-348d42552af9,414afd6b-a569-4ee4-83da-c7f4e8cec727,Nebraska,Sewell Landscape and Holiday Lighting,,,,closed,,,2020-11-30,,500.0,0.0
4b480bc1-8a41-4b1e-bb83-29cf885b5ac9,87d01145-6cc5-4cf0-b7e9-3d4e4056f954,Nebraska,Sewell Landscape and Holiday Lighting,,,,closed,,,2020-11-30,,500.0,0.0
4a390d1b-83d5-4f39-8404-e340ad9001d8,f626e2c3-057f-49d6-8f96-00ff8a0dd7f2,Nebraska,Dove's Heavenly Dog Academy LLC,,,,closed,,,2020-12-07,,500.0,0.0
0d4d3644-670f-4abe-b00d-a4bbb25fab53,5ab93023-1014-443e-babb-329cc874a7d2,Nebraska,C&R Mechanical Welding Service LLC,,,,closed,,,2020-12-09,,500.0,0.0
cab94013-4d0f-4ea1-88fb-7c91deaa3393,3a5ebaff-26c7-436a-a304-9d441e18b27c,Nebraska,C&R Mechanical Welding Service LLC,,,,closed,,,2020-12-09,,500.0,0.0
35df23a4-3ecb-4a35-b53d-f9937eec748a,46d397a0-73bf-4a8e-bbd7-d31b1a8b1cd1,Nebraska,C&R Mechanical Welding Service LLC,,,,closed,,,2020-12-09,,500.0,0.0
2664a534-6c35-44d9-a716-684c56e0d2fd,e7060507-9380-4799-9ecd-56e1564a499f,Nebraska,Midwest Dough Guys LLC DBA D.P.  Dough,,,,closed,,,2020-12-17,,500.0,0.0
8059b5f2-11b8-400f-a0a7-ec560d3683d2,30be9b93-ea50-42d3-8bdf-f0b81b13a119,Nebraska,Jumping Jax Childcare and Preschool,,,,closed,,,2020-12-17,,500.0,0.0
e5fb5ec9-d0c4-479b-9b51-8da787ff90d1,d287e9bf-af8b-4fd2-b90f-8a69ce58f415,Nebraska,Parkview Home Inc.,,,,closed,,,2020-12-22,,500.0,0.0
702f18b9-885e-4848-b515-7ac56c439a8e,121d023c-4351-42ea-bf26-970870d14ab5,Nebraska,Parkview Home Inc.,,,,closed,,,2020-12-22,,500.0,0.0
56b51b0b-64b7-45db-8f36-b4a1b695cd2e,4aa981ce-9dd6-44b7-873e-a5aea9ff54fc,Nebraska,Parkview Home Inc.,,,,closed,,,2020-12-22,,500.0,0.0
fc22140b-4c51-4e20-826b-1c0d4abf8053,45bdc9e6-55c9-45fa-971d-2ea56acc1842,Nebraska,Xtreme Remodel & Construction LLC,,,,closed,,,2020-12-28,,500.0,0.0
d4647e46-ade5-4d2e-b24b-0e3c9bc203a0,a4ab92e2-976e-4a02-be0e-e40ba66e0b0b,Nebraska,Keystrokes Transcription Service,,,,closed,,,2021-01-07,,500.0,0.0
6fbe80b4-5b7b-4e76-9e48-76c640335c77,728c091e-aae0-4b70-bb28-2fc1be1485a6,Nebraska,Foresight Asset Management,,,,closed,,,2021-03-01,,250.0,250.0
4fd34561-ae56-4e93-b5a0-ae0029e76182,82fed5d1-0d03-4221-b632-61065ead2134,Nebraska,Sprouts Child Development Center,,,,closed,,,2021-03-02,,500.0,0.0
9d07f9cb-3b5a-41be-a023-0644bfea1448,ebb3b840-daf7-4a67-91ba-52974fc35575,Nebraska,"Chroma the Salon, LLC.",,,,closed,,,2021-03-03,,500.0,0.0
e0d4a768-c890-4343-b62d-2e289a86d37f,3f4ad461-5440-4618-95e2-eb1cb9c32e08,Nebraska,Xtreme Remodel & Construction LLC,,,,closed,,,2021-03-03,,5000.0,0.0
ffba36e0-76f7-468a-af44-ef409695b404,add6c369-dba7-4290-9bb3-89795fccee2c,Nebraska,David Fiala Ltd,,,,pending appeal,,,2021-03-05,,500.0,0.0
cea8cea2-86b4-45f4-9f75-584034fe3f0a,58a29e23-2962-42e1-a838-a32975db03b8,Nebraska,Stolzer Construction,,,,closed,,,2021-03-09,,500.0,0.0
b8771652-070f-41b2-8edc-7dc0880ae773,aa3ca728-0d84-4d09-865b-0349f265ba4d,Nebraska,THE GOLDEN GROUP SOLUTIONS LLC,,,,closed,,,2021-03-16,,500.0,0.0
68a13793-fbb3-49a6-8fcf-7b28cf4dff63,2ef228f9-ab38-4636-8bef-4daee64ff6a3,Nebraska,THE GOLDEN GROUP SOLUTIONS LLC,,,,closed,,,2021-03-16,,500.0,0.0
e48505fc-2353-4664-b2c7-42f98146c86e,312c37e9-3814-4527-b298-75bd512a6728,Nebraska,THE GOLDEN GROUP SOLUTIONS LLC,,,,closed,,,2021-03-16,,500.0,0.0
5405b65b-609d-413c-a75a-1d0e71f86660,b2ba3e67-9c96-49ad-9e9e-f3137621574a,Nebraska,THE GOLDEN GROUP SOLUTIONS LLC,,,,closed,,,2021-03-16,,500.0,0.0
ecc63521-7728-4468-a7c4-105ef188480f,1d35864a-6a8b-4fed-9486-46d9f576b0a0,Nebraska,THE GOLDEN GROUP SOLUTIONS LLC,,,,closed,,,2021-03-16,,500.0,0.0
b708483a-9db9-425b-a62a-736c39636d53,60080a47-76d9-4d76-a521-0a7479be3993,Nebraska,Renkoski vegetation services,,,,closed,,,2021-03-17,,500.0,500.0
afca518c-6afb-4d47-9763-6144ae926db1,6e8f5e0e-2fca-4fed-9e21-0a87ad5c539d,Nebraska,Jubilee Solutions,,,,closed,,,2021-04-13,,500.0,0.0
586cf94c-4828-4469-a2f7-1f206869bc66,03ba7413-2180-46e4-a4ba-164fc60e0655,Nebraska,TLS LLC,,,,closed,,,2021-04-13,,500.0,0.0
9b44f726-0e18-4a43-bf37-79e4e77fe141,89a6aae3-4b2a-4acd-9f52-8cbcd6e08a5c,Nebraska,Ridgecrest Rehab Center,,,,closed,,,2021-04-27,,500.0,0.0
35e0abaa-09e5-484b-ae1f-f71e45048992,a7c8e204-dee0-4db2-9cf3-733fe9068ff7,Nebraska,Lark Logistics,,,,closed,,,2021-05-07,,500.0,0.0
3de997cd-ada0-4c71-a231-0feeae0fa85a,911b1c16-7ac8-45c5-8b77-5ededecc1065,Nebraska,"Best Shopping Solutions, LLC",,,,closed,,,2021-05-14,,500.0,0.0
fef920e8-4c85-4bd2-9543-8cfe1a3dc2b5,8b8aefff-a2af-4f2a-9bf5-3eb773c2121e,Nebraska,Enlivant Aid Mgmt LLC dba Morton Place Assisted Living,,,,closed,,,2021-05-28,,500.0,0.0
7380d3b3-d8b2-40d7-8974-282ad0e71083,6bb173ee-3891-44f4-94d1-de84749b0f55,Nebraska,Enlivant Aid Mgmt LLC dba Morton Place Assisted Living,,,,closed,,,2021-05-28,,500.0,0.0
8c80faf8-298b-4017-bdd0-6d5b9ff318f3,84a3ba3f-0540-4ce5-afb7-cddae90984f8,Nebraska,Enlivant Aid Mgmt LLC dba Morton Place Assisted Living,,,,closed,,,2021-05-28,,500.0,0.0
138cf5c8-17fb-412c-a699-1767b332e36e,5c6dd55a-adf2-4ac8-8500-a002c479fd2f,Nebraska,Enlivant Aid Mgmt LLC dba Morton Place Assisted Living,,,,closed,,,2021-05-28,,500.0,0.0
b2ffc0a2-40ce-4945-b1e7-a69c8375c6f9,156f1542-1fe7-4edb-a8fc-28e2469e10e2,Nebraska,Enlivant Aid Mgmt LLC dba Morton Place Assisted Living,,,,closed,,,2021-05-28,,500.0,0.0
56b0d7c5-d341-471a-a677-46a92b6af1cb,9d1e4c9f-047f-4e6b-a3cc-8cc03c2243df,Nebraska,Enlivant Aid Mgmt LLC dba Morton Place Assisted Living,,,,closed,,,2021-05-28,,500.0,0.0
16857553-b26f-4278-a404-511d27a2aacd,057d3574-0710-47bb-a077-4499dfb8aeb0,Nebraska,Enlivant Aid Mgmt LLC dba Morton Place Assisted Living,,,,closed,,,2021-05-28,,500.0,0.0
5b806606-0bfa-4e2d-8801-772a5c8d57b6,6b9de8ea-2361-4f73-b125-ad1f7fe28cbc,Nebraska,Sparkle Cleaning Services LLC,,,,closed,,,2021-06-01,,500.0,0.0
36e768c7-0cce-4786-b637-0cd62ada3503,3fced0c5-6c36-4d00-ba1d-6f007c15497d,Nebraska,Sushi Karma,,,,closed,,,2021-06-24,,500.0,0.0
73602c54-bcc5-4425-92bf-37efab99d957,8bedc1e5-fcec-4ca4-a184-08c9c9a5a0be,Nebraska,Sushi Karma,,,,closed,,,2021-06-24,,500.0,0.0
46340c50-f042-4d85-82c0-cc4bca50f466,feb29531-d75d-4fec-85c6-4c301d0ee7f3,Nebraska,Fajitas Bar and Grill,,,,closed,,,2021-07-20,,500.0,0.0
8b381e7d-0936-4e00-9a93-e40457e0e1e8,af794031-25a0-488f-aad1-cb04b68a16de,Nebraska,"Postal Fleet Services, Inc.",,,,closed,,,2021-07-20,,500.0,0.0
c0c48001-57d0-4c1c-a0e3-aaa29a754ec5,de4d7eed-1b7b-4933-87a9-ea8d27b9046b,Nebraska,"Postal Fleet Services, Inc.",,,,closed,,,2021-07-20,,500.0,0.0
abd2ac6b-da9b-4895-8b3c-1dba5b0ba807,3854dc50-953d-4cda-ac6f-36280aafded8,Nebraska,"Postal Fleet Services, Inc.",,,,closed,,,2021-07-20,,500.0,0.0
cc364a71-7590-4ec8-8282-854bc9649d3b,27cf7fd3-11c5-4f7c-9e33-6a2742d4c571,Nebraska,"Postal Fleet Services, Inc.",,,,closed,,,2021-07-20,,500.0,0.0
a9692e47-a451-4520-8b39-4f952d845cf1,877c8d5f-e21a-4ec7-88e2-52951a24de7e,Nebraska,"Maple Leaf Plumbing, Inc.",,,,closed,,,2021-08-04,,500.0,0.0
df48f11d-101b-4ff5-bfc7-6cde7d707480,bdc609c0-b36c-4860-908d-cb2b0c0727a8,Nebraska,"Maple Leaf Plumbing, Inc.",,,,closed,,,2021-08-04,,500.0,0.0
b36c2074-300d-47a8-b939-5b2d441645db,877eeb66-ef6b-4e9b-95af-d04536f62737,Nebraska,"Maple Leaf Plumbing, Inc.",,,,closed,,,2021-08-04,,500.0,0.0
56e67800-e3d6-476a-86c3-7ac090a1f95d,1bc8914f-b637-46c8-a1bf-acbe6435c1d4,Nebraska,"Maple Leaf Plumbing, Inc.",,,,closed,,,2021-08-04,,500.0,0.0
44c030f1-48aa-474c-9c73-c32e4e07812c,205d8bfd-07e5-4754-8146-58f7247d31ef,Nebraska,"Maple Leaf Plumbing, Inc.",,,,closed,,,2021-08-04,,500.0,0.0
ad0aa8e3-bef3-42fb-83fb-065ba6020179,275befc4-ce38-4453-801c-3a3d0294bf8a,Nebraska,"Maple Leaf Plumbing, Inc.",,,,closed,,,2021-08-04,,500.0,0.0
8713b234-a954-42f6-8c85-76b490848017,7b080e6e-0dc0-4707-afe0-83828eddb77c,Nebraska,"Exterior Wood Care, L.L.C.",,,,closed,,,2021-08-06,,500.0,0.0
b1de9b8f-75cd-4bfe-86ce-2182c021319a,aee72648-99e2-4b9e-9492-77bc2b472491,Nebraska,Holiday Inn Downtown Omaha,,,,closed,,,2021-08-06,,500.0,0.0
3b8ba949-4aff-471b-a37d-7374a58dd3c5,972027b0-dc11-4364-bb82-0d54567eac38,Nebraska,Holiday Inn Downtown Omaha,,,,closed,,,2021-08-06,,500.0,0.0
d980b4e5-70ef-40a9-9e21-9b5206b8e30f,73b5db55-e518-45bf-9270-6b47b7d8bb6f,Nebraska,Holiday Inn Downtown Omaha,,,,closed,,,2021-08-06,,500.0,0.0
1172b64c-d6ae-40e4-b1f1-f8ff63b71102,cf699e6d-5d2f-4345-9a1c-3e7f20dcd370,Nebraska,Holiday Inn Downtown Omaha,,,,closed,,,2021-08-06,,500.0,0.0
386fb9c6-2e25-439e-a664-7a4775faa2bd,326d5d92-57d4-41a6-a3a1-76c826059607,Nebraska,Taco Bell,,,,closed,,,2021-08-11,,250.0,0.0
7c322e2b-4ad7-4106-8506-063d5549d9f3,74dde870-80d6-402a-acf5-36fbb4d60529,Nebraska,THE GOLDEN GROUP SOLUTIONS LLC,,,,closed,,,2021-08-11,,500.0,0.0
12cd4a9c-8b23-4233-a27a-237d63a99044,2e905821-d35c-43cf-b587-cb264386d62d,Nebraska,Omaha Star Newspaper,,,,closed,,,2021-08-23,,500.0,500.0
c5b4d36a-b3b5-46b3-8b97-834f61151429,1fa7c8fb-93e2-47d2-8491-02e7996d608d,Nebraska,Mars Inc.,,,,closed,,,2021-08-27,,500.0,0.0
c5c0ac8e-706e-4854-8622-6f4f3df14236,3356e18c-8d44-4702-8fe7-45566535721f,Nebraska,Xtreme Co LLC,,,,closed,,,2021-09-24,,500.0,0.0
57224636-2972-42ee-b880-f43572e24422,66da0d80-1d3e-4be4-b3e0-f581e8a274c2,Nebraska,Scarlet Highway,,,,closed,,,2021-09-30,,500.0,500.0
97a8134f-6dce-447e-816c-09de00549aa3,773e5133-9dcb-444f-8ec7-8f7863dffd55,Nebraska,Frost Contracting LLC.,,,,closed,,,2021-10-04,,500.0,0.0
edf9d1d0-8f87-4972-bf0b-ed13c329e26c,c44e5a60-5885-4cbd-9677-aab39827cb37,Nebraska,Frost Contracting LLC.,,,,closed,,,2021-10-04,,500.0,0.0
b499e02b-a229-44b6-9505-52b127cc8c51,31b1548d-4efc-48d8-bd43-7f95e288b5f7,Nebraska,TaroHR formerly SABR Behavioral,,,,closed,,,2021-10-06,,500.0,0.0
94c02886-0fb1-494a-b72b-c3465a40b1ab,489dc6d1-1b81-45ad-b8bc-6216b8b3550c,Nebraska,Super Scooper,,,,closed,,,2021-10-07,,500.0,0.0
1d39f4e1-fec9-4995-8172-b7db6480b139,c857ba3a-8a95-41e7-81e4-41d016486a14,Nebraska,"Honey Creek Childcare & Preschool / Ramak Enterprise, LLC",,,,closed,,,2021-10-13,,500.0,0.0
82c8a84b-e098-44e4-a4fc-cc6395639b59,1f501a8a-036a-4ed9-a58f-ba704ebc2df2,Nebraska,Metro One Loss Prevention,,,,closed,,,2021-10-20,,500.0,0.0
7c1790dd-a577-4d97-94d8-445ded3ee158,104d9101-5b6f-48b8-af9c-2ae7ca8e891d,Nebraska,Locos,,,,closed,,,2021-10-21,,500.0,0.0
2462a9ca-0a45-4e7f-b79f-e2ec51ca1f5d,e2420d5c-50dc-42e5-bfff-e3649e6c77da,Nebraska,Complete Call Solutions,,,,closed,,,2021-10-21,,500.0,0.0
3cbf6efc-c9e2-44cd-82f5-a9bbb1c82144,24019e16-faad-44d5-80b5-e12137b8fbc0,Nebraska,"Honey Creek Childcare & Preschool / Ramak Enterprise, LLC",,,,closed,,,2021-10-25,,5000.0,0.0
4b86c689-b277-42f1-b0a7-fc21b59e99ab,ac316926-0111-4b03-99da-fd07d09e31fb,Nebraska,The Gutter Truck LLC - TGT Exteriors,,,,closed,,,2021-11-03,,500.0,0.0
1a3b49bf-ac15-4649-bef9-e94c0934d6cd,a2da2988-e2c0-43d3-b2c1-adefff63b511,Nebraska,Rosati's,,,,closed,,,2021-11-03,,500.0,0.0
20aa8c33-e3a1-452f-b78b-f3b8609663d3,a4c8ccd1-59a9-4f0a-91d8-8b459abd2f90,Nebraska,Omaha Basement Pros,,,,closed,,,2021-11-04,,500.0,0.0
0288760f-f1cb-4e02-89a7-be1068a461f4,8e7ab14a-f91d-453f-993e-4a9f165267e7,Nebraska,Nstar HDD & Construction,,,,closed,,,2021-11-09,,500.0,0.0
3f3491fb-0ec7-4cbe-9573-210cac404883,0a2bdd43-2b40-4cf4-8e58-d5b0c14259fa,Nebraska,AJM Automotive Services,,,,closed,,,2021-11-15,,500.0,0.0
9cf7f67d-0abd-48c5-8e09-38f7748e4a31,2e1e272a-07f3-46f2-bcbb-c1c2e7ec6daf,Nebraska,Parcel Patrol Logistics,,,,closed,,,2021-11-15,,500.0,0.0
858848d9-fabe-45a8-adba-ca2fd3a12fd5,8d41cd2b-51b6-411d-889f-1623645265ed,Nebraska,Devening Trucking,,,,closed,,,2021-11-17,,500.0,0.0
819e7235-82ec-4fd8-9f0d-bda8bab38bdc,2aace303-1037-4801-b45c-38d94bc2edf9,Nebraska,Keurig Dr. Pepper,,,,closed,,,2021-11-29,,500.0,0.0
cfef35ae-d512-4c4b-b263-baa19f021eb8,909d8205-f82b-4bbf-9181-9cd89936393d,Nebraska,Sushi Karma,,,,closed,,,2021-11-30,,500.0,0.0
a83f7e60-9df1-499e-8a33-ae99f83ed615,a8d8cdcf-0db0-4896-a1e0-317b79f2c2ea,Nebraska,Clean by Sierra,,,,closed,,,2021-12-03,,500.0,0.0
8ee5fa48-1e9d-4cb4-8c34-07ca75997ca0,f394f9ed-e817-45fc-8107-33d5c421f60c,Nebraska,Wave Pizza Co Hastings,,,,closed,,,2021-12-14,,5000.0,0.0
a5a072bd-73df-4577-94ee-6ccd316df22d,e10b9e7c-450c-4530-aac4-78b36e8785b0,Nebraska,"Southland Employment Services, Inc.",,,,closed,,,2021-12-15,,500.0,0.0
a8b6cc14-76b7-4311-8fad-ca8f72b7fea6,4d34aacc-24a6-44db-aa50-74bccf9dce77,Nebraska,Big Red's Guaranteed Clean,,,,closed,,,2021-12-21,,500.0,0.0
50769547-417a-4a72-a79b-f5ee3b9c23da,384d83df-8709-4aaf-b769-5d8e0e2e0f91,Nebraska,Big Red's Guaranteed Clean,,,,closed,,,2021-12-21,,500.0,0.0
213b03a2-41a3-4905-9edf-0b6c31f533d5,22a10783-d868-4ddb-8993-a12d2d1a109e,Nebraska,"Main Street Sweets, LLC",,,,closed,,,2021-12-21,,500.0,0.0
ef6c4ae5-04e3-4c48-b6ae-397c1cc6d971,8b051e59-ce0e-41f3-978d-c878f39e6c15,Nebraska,"Main Street Sweets, LLC",,,,closed,,,2021-12-21,,500.0,0.0
faf7cae4-2a90-49e2-8e23-b408295e0437,39ad3275-5342-4ed1-961e-f0e7a3304527,Nebraska,"Main Street Sweets, LLC",,,,closed,,,2021-12-21,,500.0,0.0
2e09e7ee-306a-4db8-b64b-c8be848e778a,da8d201f-fac5-4f6c-a910-8622f2e7109c,Nebraska,Wendys,,,,closed,,,2021-12-22,,500.0,0.0
22619104-3518-4f5a-bca6-0d78d4dd4457,d537096e-c40d-48e6-8f8a-1455687b5bfd,Nebraska,"Giggles, Inc.",,,,closed,,,2022-01-04,,500.0,0.0
8e86fd0b-6cce-4637-a4a8-ec514085a132,54f1b3ec-1f25-4ec5-a430-0915f9277b93,Nebraska,"M. Snoberger Farms, Inc.",,,,closed,,,2022-01-10,,500.0,0.0
3bceb896-5593-4564-8b0e-f441a27b3258,27863e38-4bdd-4aa8-aa69-e6c7fe05f327,Nebraska,The Just Solution Shot of Expresso LLC,,,,closed,,,2022-01-10,,500.0,0.0
7a746b34-2a2c-442d-964d-7fdd38d2b5b4,8a68e7a3-eb14-48d9-b2aa-8515d6970f35,Nebraska,Chicago Dog 42,,,,closed,,,2022-01-12,,500.0,0.0
f2859bb3-59b7-4b60-8b9a-1cbf820e39d1,7a33a877-29e7-4f0b-8908-d1e42330ca75,Nebraska,Frost Contracting LLC.,,,,closed,,,2022-01-12,,5000.0,0.0
183d0fa8-1146-4324-81cb-76c94895e3df,abdfa9f6-ad3a-4261-912b-fd425710219f,Nebraska,"Wayside Express, Inc",,,,closed,,,2022-01-28,,500.0,0.0
d2121a0f-c991-48f8-b70f-079b3a41b1cc,4e052373-4604-466e-b7d5-185189170374,Nebraska,"Wayside Express, Inc",,,,closed,,,2022-02-04,,1000.0,0.0
1d38e00d-1269-45c0-8c88-409cd46e9043,a35c2d9a-856f-450e-906c-001611f90739,Nebraska,Great Foundations Christian School & Learning Center LLC,,,,closed,,,2022-02-11,,500.0,0.0
8c143127-3299-4ad2-96fe-4cee9a3553ae,dbcc311e-ef40-4c57-a51e-998061d1d846,Nebraska,Great Foundations Christian School & Learning Center LLC,,,,closed,,,2022-02-11,,500.0,0.0
e9b5fc22-7790-4353-82de-328ee4acfa11,3998aec0-3311-4ba8-89b8-3262edeed221,Nebraska,LK Asset Advisors LLC,,,,closed,,,2022-03-01,,500.0,0.0
5b0caf74-eff8-45fd-ae26-45a9d34cfc32,1248c028-e23d-44c9-8298-934684fcda86,Nebraska,Christiansen Management LLC,,,,closed,,,2022-03-11,,500.0,0.0
fea64483-7337-4508-ac9b-8b565f57b494,6c0315dc-4680-4037-82be-7ba7b38b2250,Nebraska,Broadway Steakhouse,,,,closed,,,2022-03-11,,1000.0,0.0
edd92df3-1143-4f3b-a771-6f90b9a869a6,6e607bcd-2272-4471-a1a3-044e968d5cc5,Nebraska,FulFillRX LLC,,,,closed,,,2022-03-31,,500.0,0.0
f64f7fda-ef9b-4347-8848-b1a4c4a6d402,2cfe934c-cf8c-4bfb-85fc-42d0836e822a,Nebraska,Groundscapes,,,,closed,,,2022-04-13,,500.0,0.0
a1ea7501-1882-4bc6-818a-c911d8f3b55e,f608f55e-5f99-42f8-a156-ebf4961e267b,Nebraska,Christiansen Management LLC,,,,closed,,,2022-04-15,,500.0,0.0
af9a4022-a538-4b65-8a18-a0ee252eb2a5,8f921877-d8d0-4802-b742-1ee7a8b8bc5a,Nebraska,J Ton Contractors Inc,,,,closed,,,2022-05-24,,500.0,0.0
6d0f26b1-a4e0-4b61-80e1-d980c1635d79,122d043c-afd7-4a98-94a6-cdc62965c504,Nebraska,J Ton Contractors Inc,,,,closed,,,2022-05-24,,500.0,0.0
b6f2eddf-838f-400c-a0ff-4ecfc882635f,864c142e-3d98-4e6b-92ec-8b0c28cdd644,Nebraska,Gretna sanitation,,,,closed,,,2022-05-24,,500.0,0.0
0b373ceb-5ae4-44b4-bee5-7eef87be812c,46e11665-5216-4dd3-88be-809d33b669d2,Nebraska,"Nebraska Cartage, Inc.",,,,closed,,,2022-05-26,,500.0,0.0
6a1337e2-88e8-4a9e-8809-897ff3d76cee,859e63be-f1c9-4b27-af25-d6e921fc2b4b,Nebraska,"Cartage Management, Inc.",,,,closed,,,2022-05-26,,500.0,0.0
2aeaf9d1-908b-454a-895b-9d517c7cd31d,2b0d614f-c0aa-4c0b-ba92-3c4e60a12930,Nebraska,"Nebraska Cartage, Inc.",,,,closed,,,2022-05-26,,500.0,0.0
98ef6107-ba5c-4dff-a3df-a1761ab55c3a,713a8d38-416e-4172-9769-189eab1b64b3,Nebraska,Ponderosa Saloon & Opera House,,,,closed,,,2022-06-01,,500.0,0.0
4f51f0aa-9b16-4f39-8f63-8a835e7c1f6d,eaa10c37-3543-449b-9bed-15703b7c6465,Nebraska,"Nebraska Cartage, Inc.",,,,closed,,,2022-06-01,,500.0,0.0
c18e8ba4-bae7-4d51-af23-7bcc6d79322d,fd71085a-ac4d-4476-9508-88b1c6bb49b8,Nebraska,Brent Arens Construction,,,,closed,,,2022-06-24,,500.0,0.0
c968b5b8-5bc3-4912-87f9-c2f0900e1bdb,68c8d6b0-84ee-4cd5-b1f6-13eea9eaecd5,Nebraska,BT Best & Company LLC,,,,closed,,,2022-06-24,,500.0,0.0
a0b9c089-f10d-4418-a209-339179a6e9db,ddeed03d-6cde-4039-97e9-b72b254e9090,Nebraska,Nightcap management,,,,closed,,,2022-07-01,,500.0,0.0
abe7a456-2370-4922-98df-c36264784806,f4706474-88e0-4695-9b4b-6cb9af083b36,Nebraska,Aequitas Management LLC dba Little King Deli & Subs,,,,closed,,,2022-07-08,,500.0,0.0
6c866386-ab91-48d1-a592-5dff73f0342c,7edd21ae-6d4b-41da-aa97-b2ea678811b7,Nebraska,Luxury Crates LLC,,,,closed,,,2022-07-11,,500.0,0.0
8a46fe84-b020-46c9-adfe-2b5c902192d8,d0906bfa-6e43-4968-9b6c-3ad15a1eefcb,Nebraska,GSK Consumer Health Care,,,,closed,,,2022-07-13,,500.0,0.0
16176ee8-6249-40c6-b429-6b65ace57210,970a6938-9751-4a7d-a18e-03dd2554c8ca,Nebraska,Aequitas Management LLC dba Little King Deli & Subs,,,,closed,,,2022-07-13,,500.0,0.0
8f68cd17-ed71-4d67-839a-68394f555ec0,5dbd81e1-0fb3-44be-9d1e-1f1009706cad,Nebraska,Aequitas Management LLC dba Little King Deli & Subs,,,,closed,,,2022-07-13,,500.0,0.0
b5d576c0-eac7-48e3-bea4-e5a08d1136a8,de0ed725-9e6b-4451-b5f6-4e287d5d54de,Nebraska,Aequitas Management LLC dba Little King Deli & Subs,,,,closed,,,2022-07-14,,500.0,0.0
8dc07323-2c42-448f-8360-9880a456bc00,c1cbac46-a213-450e-9d15-8c0206a0618f,Nebraska,Sunlight Senior care,,,,closed,,,2022-07-19,,500.0,0.0
2980c805-c0a2-4b95-85c6-4b359cab4dc2,a0187783-e20a-4b51-b1a0-bd0c92a67c42,Nebraska,"Advance Framing Contractors, LLC",,,,closed,,,2022-07-20,,500.0,0.0

